COD_ACIDENTE;VEÍCULO;TIPO VEÍCULO;MARCA;ANO FABRICAÇÃO;COR;ESPÉCIE;CATEGORIA;ALUGUEL;LEGALIZADO;DANIFICADO;MANOBRA;VIA DE ACESSO
VPM7237;.1;Bicicleta;;;;Não informado;Não informado;Não informado;Não informado;Não informado;;Não informado
XGS9795;.1;Automóvel;;;;Não informado;Não informado;Não informado;Não informado;Não informado;;AV GAL OSORIO DE PAIVA
XGS9795;.2;Bicicleta;;;;Não informado;Não informado;Não informado;Não informado;Danificado;;AV GAL OSORIO DE PAIVA
EDG7010;.1;Bicicleta;;;;;;;Não informado;;;
CWN6958;.1;Bicicleta;;;;;;;Não informado;;;
FGU6091;.1;Bicicleta;;;;;;;Não informado;;;
JJC2008;.1;Bicicleta;;;;;;;Não informado;;;
ABD8408;.1;Bicicleta;;;;Não informado;Não informado;Não informado;Não informado;Não informado;;Não informado
APK1532;.1;Bicicleta;;;;;;;Não informado;;;
TFY9923;.1;Bicicleta;;;;;;;Não informado;;;
DTQ1477;.1;Bicicleta;;;;;;;Não informado;;;
BMI6304;.1;Automóvel;;;;Não informado;Não informado;Não informado;Não informado;Não informado;;Não informado
BMI6304;.2;Bicicleta;;;;Não informado;Não informado;Não informado;Não informado;Não informado;;Beira Mar
TIB7193;.1;Bicicleta;;;;Não informado;Não informado;Não informado;Não informado;Não informado;;Não informado
TIB7193;.2;Automóvel;;;;Não informado;Não informado;Não informado;Não informado;Não informado;;Não informado
LHL3568;.1;Bicicleta;;;;;;;Não informado;;;
IGA6534;.1;Motocicleta;HONDA CG 150 TITAN;;;Não informado;Não informado;Não informado;Não informado;Danificado;;Maestro Lisboa
IGA6534;.2;Bicicleta;;;;Não informado;Não informado;Não informado;Não informado;Danificado;;Maestro Lisboa
YIR1442;.1;Bicicleta;;;;;;;Não informado;;;
DNA2634;.1;Bicicleta;;;;;;;Não informado;;;
ZTO8796;.1;Motocicleta;;;;Não informado;Não informado;Não informado;Não informado;Não informado;;Não informado
ZTO8796;.2;Bicicleta;;;;Não informado;Não informado;Não informado;Não informado;Não informado;;Não informado
THJ3186;.1;Bicicleta;;;;;;;Não informado;;;
BRE1227;.1;Bicicleta;;;;;;;Não informado;;;
BRE1227;.2;Automóvel;;;;;;;Não informado;;;
GGU1973;.1;Bicicleta;;;;;;;Não informado;;;
FHT0672;.1;Bicicleta;;;;;;;Não informado;;;
GZG6069;.1;Bicicleta;;;;;;;Não informado;;;
PLZ7217;.1;Bicicleta;;;;;;;Não informado;;;
PLZ7217;.2;Automóvel;;;;;;;Não informado;;;
NDR3555;.1;Bicicleta;;;;Não informado;Não informado;Não informado;Não informado;Não informado;;Não informado
NZB8953;.1;Bicicleta;;;;;;;Não informado;;;
NZB8953;.2;Automóvel;;;;;;;Não informado;;;
KLI1239;.1;Bicicleta;;;;;;;Não informado;;;
KLI1239;.2;Automóvel;;;;;;;Não informado;;;
NYR4444;.1;Caminhão;;;;Não informado;Não informado;Não informado;Não informado;Não informado;;Não informado
NYR4444;.2;Bicicleta;;;;Não informado;Não informado;Não informado;Não informado;Não informado;;Não informado
AEO0857;.1;Bicicleta;;;;;;;Não informado;;;
HAZ5679;.1;Bicicleta;;;;;;;Não informado;;;
DZA5302;.1;Automóvel;FORD KA;2014;PRATA;Passageiro;Particular;Não Se Aplica;Não informado;Danificado;ENTRANDO E SAINDO DA VIA;Rua Custódio de Melo
DZA5302;.2;Bicicleta;;;;Carga;Não informado;Não informado;Não informado;Danificado;CIRCULANDO;RUA PAULO SETUBAL
UGM8086;.1;Bicicleta;;;;;;;Não informado;;;
BSG3226;.1;Bicicleta;;;;;;;Não informado;;;
CBD1672;.1;Bicicleta;;;;;;;Não informado;;;
TTK4223;.1;Bicicleta;;;;;;;Não informado;;;
PIX7687;.1;Bicicleta;;;;;;;Não informado;;;
SNV2024;.1;Bicicleta;;;;;;;Não informado;;;
ZXZ8260;.1;Bicicleta;;;;;;;Não informado;;;
ZXZ8260;.2;Automóvel;;;;;;;Não informado;;;
WIK4267;.1;Bicicleta;;;;;;;Não informado;;;
PSK6556;.1;Bicicleta;;;;;;;Não informado;;;
NNQ9655;.1;Bicicleta;;;;Não informado;Não informado;Não informado;Não informado;Não informado;;Não informado
NNQ9655;.2;Automóvel;;;;Não informado;Não informado;Não informado;Não informado;Não informado;;Não informado
SLP3800;.1;Camioneta;JEEP COMPASS;2017;CINZA;Misto;Particular;Não Se Aplica;Não informado;Danificado;CRUZANDO O FLUXO;Avenida Rui Barbosa
SLP3800;.2;Bicicleta;;;AZUL;Passageiro;Particular;Não Se Aplica;Não informado;Danificado;CIRCULANDO;RUA JULIO SIQUEIRA
VJO1456;.1;Bicicleta;;;;;;;Não informado;;;
PDX8547;.1;Bicicleta;;;;;;;Não informado;;;
OPP3453;.1;Bicicleta;;;;Não informado;Não informado;Não informado;Não informado;Não informado;;Não informado
OPP3453;.2;Automóvel;;;;Não informado;Não informado;Não informado;Não informado;Não informado;;Não informado
OZS4923;.1;Bicicleta;;;;Não informado;Não informado;Não informado;Não informado;Não informado;;Não informado
OZS4923;.2;Automóvel;;;;Não informado;Não informado;Não informado;Não informado;Não informado;;Não informado
TYC8249;.1;Bicicleta;;;;;;;Não informado;;;
SIB8610;.1;Bicicleta;;;;;;;Não informado;;;
PWI1009;.1;Bicicleta;;;;;;;Não informado;;;
EDD8694;.1;Bicicleta;;;;Não informado;Não informado;Não informado;Não informado;Não informado;;Não informado
TCA5903;.1;Bicicleta;;;;Não informado;Não informado;Não informado;Não informado;Não informado;;Não informado
UAA0353;.1;Bicicleta;;;;;;;Não informado;;;
BHX5682;.1;Bicicleta;;;;;;;Não informado;;;
ZWQ4332;.1;Bicicleta;;;;;;;Não informado;;;
ZWQ4332;.2;Automóvel;;;;;;;Não informado;;;
CLS5695;.1;Bicicleta;;;;Não informado;Não informado;Não informado;Não informado;Não informado;;Não informado
PCI6191;.1;Bicicleta;;;;Não informado;Não informado;Não informado;Não informado;Não informado;;Não informado
AWD1340;.1;Bicicleta;;;;Não informado;Não informado;Não informado;Não informado;Não informado;;Não informado
AWD1340;.2;Automóvel;;;;Não informado;Não informado;Não informado;Não informado;Não informado;;Não informado
IPW5616;.1;Bicicleta;;;;;;;Não informado;;;
IPW5616;.2;Automóvel;;;;;;;Não informado;;;
TSH1853;.1;Bicicleta;;;;;;;Não informado;;;
GRR0728;.1;Bicicleta;;;;;;;Não informado;;;
QWT0567;.1;Bicicleta;;;;;;;Não informado;;;
QWT0567;.2;Automóvel;;;;;;;Não informado;;;
XOB8625;.1;Bicicleta;;;;;;;Não informado;;;
XOB8625;.2;Automóvel;;;;;;;Não informado;;;
GNO0712;.1;Bicicleta;;;;;;;Não informado;;;
YOP1148;.1;Bicicleta;;;;;;;Não informado;;;
YOP1148;.2;Automóvel;;;;;;;Não informado;;;
DVH6235;.1;Bicicleta;;;;;;;Não informado;;;
CCV3968;.1;Bicicleta;;;;Não informado;Não informado;Não informado;Não informado;Não informado;;Não informado
CCV3968;.2;Automóvel;;;;Não informado;Não informado;Não informado;Não informado;Não informado;;Não informado
GZB3929;.1;Bicicleta;;;;;;;Não informado;;;
YMT3972;.1;Bicicleta;;;;;;;Não informado;;;
MEF7100;.1;Bicicleta;;;;;;;Não informado;;;
CCX1309;.1;Bicicleta;;;;;;;Não informado;;;
CCX1309;.2;Automóvel;;;;;;;Não informado;;;
KLW7127;.1;Bicicleta;;;;;;;Não informado;;;
KLW7127;.2;Automóvel;;;;;;;Não informado;;;
AIQ7987;.1;Bicicleta;;;;Não informado;Não informado;Não informado;Não informado;Não informado;;Não informado
AIQ7987;.2;Automóvel;;;;Não informado;Não informado;Não informado;Não informado;Não informado;;Não informado
ITZ9755;.1;Bicicleta;;;;;;;Não informado;;;
UAR4861;.1;Bicicleta;;;;Não informado;Não informado;Não informado;Não informado;Não informado;;Não informado
EHZ6221;.1;Bicicleta;;;;;;;Não informado;;;
EHZ6221;.2;Automóvel;;;;;;;Não informado;;;
NLY9430;.1;Bicicleta;;;;Não informado;Não informado;Não informado;Não informado;Não informado;;Não informado
NLY9430;.2;Automóvel;;;;Não informado;Não informado;Não informado;Não informado;Não informado;;Não informado
WQH3435;.1;Bicicleta;;;;;;;Não informado;;;
OPV1932;.1;Bicicleta;;;;;;;Não informado;;;
XWZ6161;.1;Bicicleta;;;;;;;Não informado;;;
XWZ6161;.2;Automóvel;;;;;;;Não informado;;;
JQW0523;.1;Bicicleta;;;;;;;Não informado;;;
UTW6642;.1;Bicicleta;;;;;;;Não informado;;;
UTW6642;.2;Automóvel;;;;;;;Não informado;;;
AXP0874;.1;Bicicleta;;;;;;;Não informado;;;
PEA7165;.1;Bicicleta;;;;Não informado;Não informado;Não informado;Não informado;Não informado;;Não informado
PEA7165;.2;Automóvel;;;;Não informado;Não informado;Não informado;Não informado;Não informado;;Não informado
FON8874;.1;Bicicleta;;;;Não informado;Não informado;Não informado;Não informado;Não informado;;Não informado
BZI3071;.1;Bicicleta;;;;;;;Não informado;;;
BZI3071;.2;Automóvel;;;;;;;Não informado;;;
CTR8192;.1;Bicicleta;;;;;;;Não informado;;;
RPF9703;.1;Bicicleta;;;;;;;Não informado;;;
FYB7385;.1;Bicicleta;;;;;;;Não informado;;;
FYB7385;.2;Automóvel;;;;;;;Não informado;;;
BXW9999;.1;Bicicleta;;;;;;;Não informado;;;
BXW9999;.2;Automóvel;;;;;;;Não informado;;;
UXQ6462;.1;Bicicleta;;;;Não informado;Não informado;Não informado;Não informado;Não informado;;Não informado
CSQ4449;.1;Bicicleta;;;;;;;Não informado;;;
CSQ4449;.2;Automóvel;;;;;;;Não informado;;;
MUJ6567;.1;Bicicleta;;;;;;;Não informado;;;
DGW7134;.1;Bicicleta;;;;;;;Não informado;;;
OEE0127;.1;Bicicleta;;;;;;;Não informado;;;
SAL8662;.1;Bicicleta;;;;;;;Não informado;;;
KDJ8034;.1;Bicicleta;;;;;;;Não informado;;;
WBQ2217;.1;Bicicleta;;;;;;;Não informado;;;
WBQ2217;.2;Automóvel;;;;;;;Não informado;;;
OFW5955;.1;Bicicleta;;;;Não informado;Não informado;Não informado;Não informado;Não informado;;Não informado
OFW5955;.2;Automóvel;;;;Não informado;Não informado;Não informado;Não informado;Não informado;;Não informado
MSN1832;.1;Bicicleta;;;;;;;Não informado;;;
MSN1832;.2;Automóvel;;;;;;;Não informado;;;
QRJ5576;.1;Bicicleta;;;;;;;Não informado;;;
UVX9518;.1;Bicicleta;;;;Não informado;Não informado;Não informado;Não informado;Não informado;;Não informado
UVX9518;.2;Automóvel;;;;Não informado;Não informado;Não informado;Não informado;Não informado;;Não informado
VYW4225;.1;Bicicleta;;;;Não informado;Não informado;Não informado;Não informado;Não informado;;Não informado
VYW4225;.2;Automóvel;;;;Não informado;Não informado;Não informado;Não informado;Não informado;;Não informado
WLI2042;.1;Bicicleta;;;;;;;Não informado;;;
WLI2042;.2;Automóvel;;;;;;;Não informado;;;
WUA0118;.1;Bicicleta;;;;;;;Não informado;;;
HED3671;.1;Bicicleta;;;;;;;Não informado;;;
LGU0140;.1;Bicicleta;;;;;;;Não informado;;;
UOB6559;.1;Bicicleta;;;;;;;Não informado;;;
IXF8202;.1;Bicicleta;;;;;;;Não informado;;;
WVK3769;.1;Bicicleta;;;;;;;Não informado;;;
XNJ9960;.1;Bicicleta;;;;;;;Não informado;;;
XNJ9960;.2;Automóvel;;;;;;;Não informado;;;
LWT0931;.1;Bicicleta;;;;;;;Não informado;;;
MCT8992;.1;Ônibus;;;;Não informado;Não informado;Não informado;Não informado;Danificado;;Rua Padre Ascenço Gago
MCT8992;.2;Bicicleta;;;;Não informado;Não informado;Não informado;Não informado;Danificado;;Rua Padre Ascenço Gago
LXK2363;.1;Bicicleta;;;;;;;Não informado;;;
GJC7654;.1;Bicicleta;;;;;;;Não informado;;;
KEI8646;.1;Bicicleta;;;;;;;Não informado;;;
AVM8446;.1;Bicicleta;;;;Não informado;Não informado;Não informado;Não informado;Não informado;;Não informado
SSZ3672;.1;Bicicleta;;;;Não informado;Não informado;Não informado;Não informado;Não informado;;Não informado
SSZ3672;.2;Motocicleta;;;;Não informado;Não informado;Não informado;Não informado;Não informado;;Não informado
BBF4246;.1;Bicicleta;;;;;;;Não informado;;;
RYH2347;.1;Bicicleta;;;;;;;Não informado;;;
RYH2347;.2;Automóvel;;;;;;;Não informado;;;
SBQ4262;.1;Bicicleta;;;;;;;Não informado;;;
VHA8633;.1;Bicicleta;;;;;;;Não informado;;;
DYH4852;.1;Bicicleta;;;;;;;Não informado;;;
RCY1439;.1;Bicicleta;;;;;;;Não informado;;;
DIN2503;.1;Bicicleta;;;;Não informado;Não informado;Não informado;Não informado;Não informado;;Não informado
TYY0456;.1;Bicicleta;;;;Não informado;Não informado;Não informado;Não informado;Não informado;;Não informado
PYM9914;.1;Bicicleta;;;;;;;Não informado;;;
DYM5727;.1;Bicicleta;;;;Não informado;Não informado;Não informado;Não informado;Não informado;;Não informado
YON7932;.1;Bicicleta;;;;Não informado;Não informado;Não informado;Não informado;Não informado;;Não informado
KDL4897;.1;Bicicleta;;;;Não informado;Não informado;Não informado;Não informado;Não informado;;Não informado
QEU6814;.1;Bicicleta;;;;Não informado;Não informado;Não informado;Não informado;Não informado;;Não informado
OPE4964;.1;Bicicleta;;;;Não informado;Não informado;Não informado;Não informado;Não informado;;Não informado
XGD1320;.1;Bicicleta;;;;;;;Não informado;;;
XGD1320;.2;Automóvel;;;;;;;Não informado;;;
INX2632;.1;Bicicleta;;;;;;;Não informado;;;
JEJ1355;.1;Bicicleta;;;;Não informado;Não informado;Não informado;Não informado;Não informado;;Não informado
MKY2198;.1;Bicicleta;;;;Não informado;Não informado;Não informado;Não informado;Não informado;;Não informado
CJS4326;.1;Bicicleta;;;;;;;Não informado;;;
CJS4326;.2;Automóvel;;;;;;;Não informado;;;
AWI6557;.1;Automóvel;HYUNDAI HB20;;;Não informado;Não informado;Não informado;Não informado;Danificado;;Avenida Washington Soares
AWI6557;.2;Bicicleta;;;;Não informado;Não informado;Não informado;Não informado;Danificado;;Avenida Washington Soares
JCZ9586;.1;Bicicleta;;;;;;;Não informado;;;
JTO9690;.1;Bicicleta;;;;;;;Não informado;;;
EMZ7512;.1;Bicicleta;;;;Não informado;Não informado;Não informado;Não informado;Não informado;;Não informado
FUA5797;.1;Bicicleta;;;;;;;Não informado;;;
RAC9873;.1;Bicicleta;;;;Não informado;Não informado;Não informado;Não informado;Não informado;;Não informado
QPJ1466;.1;Automóvel;HYUNDAI HB 20S;2022;PRATA;Passageiro;Particular;Não Se Aplica;Não informado;Danificado;CRUZANDO O FLUXO;Não informado
QPJ1466;.2;Bicicleta;CALOI;;;Tração;Não informado;Não informado;Não informado;Danificado;CIRCULANDO;Não informado
IXD9371;.1;Bicicleta;;;;Não informado;Não informado;Não informado;Não informado;Não informado;;Não informado
UBY5677;.1;Bicicleta;;;;Não informado;Não informado;Não informado;Não informado;Não informado;;Não informado
IBK5120;.1;Bicicleta;;;;;;;Não informado;;;
LSS4737;.1;Bicicleta;;;;Não informado;Não informado;Não informado;Não informado;Não informado;;Não informado
LSS4737;.2;Automóvel;;;;Não informado;Não informado;Não informado;Não informado;Não informado;;Não informado
LXN0882;.1;Bicicleta;;;;;;;Não informado;;;
LXN0882;.2;Automóvel;;;;;;;Não informado;;;
OCX9980;.1;Bicicleta;;;;;;;Não informado;;;
OCX9980;.2;Automóvel;;;;;;;Não informado;;;
OGT5827;.1;Automóvel;CHEV CLASSIC LS;2011;PRETA;Passageiro;Particular;Não Se Aplica;Não informado;Danificado;CIRCULANDO;RUA ESPIRITO SANTO
OGT5827;.2;Bicicleta;KSW XLT 200;;PRETA;Passageiro;Particular;Não Se Aplica;Não informado;Danificado;CRUZANDO O FLUXO;RUA PARA
TTY4593;.1;Bicicleta;;;;;;;Não informado;;;
TTY4593;.2;Automóvel;;;;;;;Não informado;;;
SHG3000;.1;Bicicleta;;;;;;;Não informado;;;
SHG3000;.2;Automóvel;;;;;;;Não informado;;;
GII8180;.1;Bicicleta;;;;Não informado;Não informado;Não informado;Não informado;Não informado;;Não informado
GII8180;.2;Automóvel;;;;Não informado;Não informado;Não informado;Não informado;Não informado;;Não informado
EKF3762;.1;Bicicleta;;;;Não informado;Não informado;Não informado;Não informado;Não informado;;Não informado
EKF3762;.2;Automóvel;;;;Não informado;Não informado;Não informado;Não informado;Não informado;;Não informado
ZHL8087;.1;Bicicleta;;;;Não informado;Não informado;Não informado;Não informado;Não informado;;Não informado
HFI2220;.1;Bicicleta;;;;;;;Não informado;;;
WKH8617;.1;Bicicleta;;;;Não informado;Não informado;Não informado;Não informado;Não informado;;Não informado
SDR0638;.1;Bicicleta;;;;;;;Não informado;;;
SDR0638;.2;Automóvel;;;;;;;Não informado;;;
JMW6660;.1;Bicicleta;;;;;;;Não informado;;;
JMW6660;.2;Automóvel;;;;;;;Não informado;;;
ACQ4637;.1;Bicicleta;;;;;;;Não informado;;;
ACQ4637;.2;Automóvel;;;;;;;Não informado;;;
VGX2025;.1;Bicicleta; ;;SEM INFORMAÇÃO;Não informado;Não informado;;Não informado;;Circulando;
ZBM3253;.1;Bicicleta;;;;;;;Não informado;;;
VXO9284;.1;Bicicleta;;;;;;;Não informado;;;
VXO9284;.2;Automóvel;;;;;;;Não informado;;;
FRE9140;.1;Bicicleta;;;;;;;Não informado;;;
QGZ1621;.1;Bicicleta;;;;;;;Não informado;;;
QGZ1621;.2;Automóvel;;;;;;;Não informado;;;
OGA3942;.1;Bicicleta;;;;Não informado;Não informado;Não informado;Não informado;Não informado;;Não informado
RNM7501;.1;Bicicleta;;;;;;;Não informado;;;
APB2464;.1;Bicicleta;;;;;;;Não informado;;;
PWG5637;.1;Bicicleta;;;;;;;Não informado;;;
NSW2840;.1;Bicicleta;;;;;;;Não informado;;;
MCD1076;.1;Bicicleta;;;;;;;Não informado;;;
MCD1076;.2;Automóvel;;;;;;;Não informado;;;
RSH2401;.1;Bicicleta;;;;Não informado;Não informado;Não informado;Não informado;Não informado;;Não informado
RSH2401;.2;Automóvel;;;;Não informado;Não informado;Não informado;Não informado;Não informado;;Não informado
QFP3299;.1;Bicicleta;;;;Não informado;Não informado;Não informado;Não informado;Não informado;;Não informado
JYM3483;.1;Bicicleta;;;;;;;Não informado;;;
PCM5175;.1;Bicicleta;;;;;;;Não informado;;;
EGG7566;.1;Bicicleta;;;;;;;Não informado;;;
EGG7566;.2;Automóvel;;;;;;;Não informado;;;
UFB5342;.1;Bicicleta;;;;;;;Não informado;;;
JRP4009;.1;Bicicleta;;;;;;;Não informado;;;
DXA4805;.1;Bicicleta;;;;Não informado;Não informado;Não informado;Não informado;Não informado;;Não informado
DXA4805;.2;Automóvel;;;;Não informado;Não informado;Não informado;Não informado;Não informado;;Não informado
JYJ5790;.1;Bicicleta;;;;;;;Não informado;;;
XEE5284;.1;Bicicleta;;;;;;;Não informado;;;
XEE5284;.2;Automóvel;;;;;;;Não informado;;;
ASK6124;.1;Bicicleta;;;;;;;Não informado;;;
EWR1622;.1;Bicicleta;;;;;;;Não informado;;;
PYE0008;.1;Bicicleta;;;;;;;Não informado;;;
GLY6927;.1;Bicicleta;;;;Não informado;Não informado;Não informado;Não informado;Não informado;;Não informado
ARM0426;.1;Bicicleta;;;;Não informado;Não informado;Não informado;Não informado;Não informado;;Não informado
FXJ6909;.1;Bicicleta;;;;;;;Não informado;;;
ANM9603;.1;Bicicleta;;;;;;;Não informado;;;
ZYU7659;.1;Bicicleta;;;;Não informado;Não informado;Não informado;Não informado;Não informado;;Não informado
CPR2866;.1;Motocicleta;HONDA Cg 160 titan;;VERMELHA;Passageiro;Particular;;Não informado;;Circulando;
CPR2866;.2;Bicicleta; ;;PRETA;Não informado;Não informado;;Não informado;;Circulando;
TLR6783;.1;Bicicleta;;;;;;;Não informado;;;
TLR6783;.2;Automóvel;;;;;;;Não informado;;;
ANJ7416;.1;Bicicleta;;;;Não informado;Não informado;Não informado;Não informado;Não informado;;Não informado
TEZ6158;.1;Bicicleta;;;;;;;Não informado;;;
RMC3706;.1;Bicicleta;;;;;;;Não informado;;;
ZVV7788;.1;Automóvel;CHEV ONIX;2018;PRETA;Passageiro;Particular;Não informado;Não informado;Danificado;VIRANDO A ESQUERDA;Rua Júlio Braga
ZVV7788;.2;Bicicleta;;;;Não informado;Não informado;Não informado;Não informado;Danificado;CRUZANDO O FLUXO;Rua Júlio Braga
EZP2019;.1;Ônibus;M.BENZ/M.POLO;2012;BRANCA;Não informado;Particular;Não Se Aplica;Não informado;Danificado;CIRCULANDO;Rua Dom Jerônimo
EZP2019;.2;Bicicleta;;;;Passageiro;Particular;Não Se Aplica;Não informado;Danificado;CIRCULANDO;AV DOMINGOS OLIMPIO
VKI1319;.1;Bicicleta;;;;Não informado;Não informado;Não informado;Não informado;Não informado;;Não informado
ZVX4466;.1;Bicicleta;;;;;;;Não informado;;;
WRA3576;.1;Bicicleta;;;;;;;Não informado;;;
VGS5663;.1;Bicicleta;;;;;;;Não informado;;;
VGS5663;.2;Automóvel;;;;;;;Não informado;;;
EEP2545;.1;Bicicleta;;;;;;;Não informado;;;
SNX9807;.1;Automóvel;FIAT CRONOS;2018;CINZA;Passageiro;Particular;Não Se Aplica;Não informado;Danificado;CIRCULANDO;RUA ROMEU MARTINS
SNX9807;.2;Bicicleta;;;;Não informado;Não informado;Não informado;Não informado;Danificado;CIRCULANDO;RUA ROMEU MARTINS
YSS7364;.1;Bicicleta;;;;;;;Não informado;;;
CTC5461;.1;Bicicleta;;;;;;;Não informado;;;
AJF4274;.1;Bicicleta;;;;;;;Não informado;;;
YFR4691;.1;Bicicleta;;;;;;;Não informado;;;
FGP1837;.1;Bicicleta;;;;Não informado;Não informado;Não informado;Não informado;Não informado;;Não informado
FGP1837;.2;Automóvel;;;;Não informado;Não informado;Não informado;Não informado;Não informado;;Não informado
IGC1481;.1;Bicicleta;;;;;;;Não informado;;;
NQG7268;.1;Bicicleta;;;;;;;Não informado;;;
HDA5240;.1;Bicicleta;;;;Não informado;Não informado;Não informado;Não informado;Não informado;;Não informado
RCP5519;.1;Bicicleta;;;;;;;Não informado;;;
ATB2348;.1;Bicicleta;;;;;;;Não informado;;;
ATB2348;.2;Automóvel;;;;;;;Não informado;;;
JWF7829;.1;Bicicleta;;;;Não informado;Não informado;Não informado;Não informado;Não informado;;Não informado
AAL6926;.1;Bicicleta;;;;;;;Não informado;;;
AAL6926;.2;Automóvel;;;;;;;Não informado;;;
IHN0084;.1;Bicicleta;;;;Não informado;Não informado;Não informado;Não informado;Não informado;;Não informado
IHN0084;.2;Automóvel;;;;Não informado;Não informado;Não informado;Não informado;Não informado;;Não informado
HBX8226;.1;Bicicleta;;;;Não informado;Não informado;Não informado;Não informado;Não informado;;Não informado
RBY8436;.1;Bicicleta;;;;;;;Não informado;;;
RBY8436;.2;Automóvel;;;;;;;Não informado;;;
MLF6504;.1;Bicicleta;;;;;;;Não informado;;;
MLF6504;.2;Automóvel;;;;;;;Não informado;;;
YKZ3186;.1;Bicicleta;;;;Não informado;Não informado;Não informado;Não informado;Não informado;;Não informado
YKZ3186;.2;Automóvel;;;;Não informado;Não informado;Não informado;Não informado;Não informado;;Não informado
OWE8337;.1;Bicicleta;;;;;;;Não informado;;;
OWE8337;.2;Automóvel;;;;;;;Não informado;;;
WBD1711;.1;Bicicleta;;;;;;;Não informado;;;
IBA8900;.1;Bicicleta;;;;;;;Não informado;;;
IPC8919;.1;Bicicleta;;;;Não informado;Não informado;Não informado;Não informado;Danificado;;Avenida Val Paraíso
IPC8919;.2;Ônibus;;;;Não informado;Não informado;Não informado;Não informado;Danificado;;Avenida Val Paraíso
OYB6850;.1;Bicicleta;;;;;;;Não informado;;;
PNJ9797;.1;Bicicleta;;;;Não informado;Não informado;Não informado;Não informado;Não informado;;Não informado
SSA0664;.1;Bicicleta;;;;;;;Não informado;;;
JAD2857;.1;Bicicleta;;;;;;;Não informado;;;
KAY3627;.1;Bicicleta;;;;;;;Não informado;;;
VEC7701;.1;Bicicleta;;;;;;;Não informado;;;
RDT3711;.1;Bicicleta;;;;;;;Não informado;;;
RDT3711;.2;Automóvel;;;;;;;Não informado;;;
MNH5885;.1;Bicicleta;;;;;;;Não informado;;;
MNH5885;.2;Automóvel;;;;;;;Não informado;;;
TUV9622;.1;Bicicleta;;;;;;;Não informado;;;
GVR0427;.1;Bicicleta;;;;Não informado;Não informado;Não informado;Não informado;Não informado;;Não informado
GVR0427;.2;Automóvel;;;;Não informado;Não informado;Não informado;Não informado;Não informado;;Não informado
INW6342;.1;Bicicleta;;;;;;;Não informado;;;
HBG4231;.1;Bicicleta;;;;Não informado;Não informado;Não informado;Não informado;Não informado;;Não informado
XBX1584;.1;Bicicleta;;;;;;;Não informado;;;
XBX1584;.2;Automóvel;;;;;;;Não informado;;;
KRB8491;.1;Bicicleta;;;;;;;Não informado;;;
IFF1338;.1;Bicicleta;;;;;;;Não informado;;;
ROT8601;.1;Bicicleta;;;;;;;Não informado;;;
ROT8601;.2;Automóvel;;;;;;;Não informado;;;
JHX8382;.1;Bicicleta;;;;;;;Não informado;;;
LKG2421;.1;Bicicleta;;;;;;;Não informado;;;
FWK0192;.1;Bicicleta;;;;Não informado;Não informado;Não informado;Não informado;Não informado;;Não informado
HZW2172;.1;Bicicleta;;;;Não informado;Não informado;Não informado;Não informado;Não informado;;Não informado
CHD1624;.1;Automóvel;;;;Não informado;Não informado;Não informado;Não informado;Danificado;;Não informado
CHD1624;.2;Bicicleta;;;;Não informado;Não informado;Não informado;Não informado;Danificado;;Não informado
TGQ7382;.1;Bicicleta;;;;;;;Não informado;;;
BPF3161;.1;Bicicleta;;;;;;;Não informado;;;
BPF3161;.2;Automóvel;;;;;;;Não informado;;;
YVC1768;.1;Bicicleta;;;;;;;Não informado;;;
YVC1768;.2;Automóvel;;;;;;;Não informado;;;
UKU0175;.1;Bicicleta;;;;Não informado;Não informado;Não informado;Não informado;Não informado;;Não informado
DWC2332;.1;Bicicleta;;;;;;;Não informado;;;
CEB9069;.1;Bicicleta;;;;Não informado;Não informado;Não informado;Não informado;Não informado;;Não informado
IHB0578;.1;Bicicleta;;;;;;;Não informado;;;
IHB0578;.2;Automóvel;;;;;;;Não informado;;;
OEF9253;.1;Bicicleta;;;;;;;Não informado;;;
RFC7434;.1;Bicicleta;;;;;;;Não informado;;;
LHN0249;.1;Bicicleta;;;;Não informado;Não informado;Não informado;Não informado;Não informado;;Não informado
ALP8325;.1;Bicicleta;;;;;;;Não informado;;;
RYX7721;.1;Ônibus;;;;Não informado;Não informado;Não informado;Não informado;Danificado;;Rua Vicente De Castro
RYX7721;.2;Bicicleta;;;;Não informado;Não informado;Não informado;Não informado;Danificado;;Rua Vicente De Castro
SNE2747;.1;Bicicleta;;;;;;;Não informado;;;
SNE2747;.2;Automóvel;;;;;;;Não informado;;;
ZYO6645;.1;Bicicleta;;;;;;;Não informado;;;
SAS7763;.1;Bicicleta;;;;Não informado;Não informado;Não informado;Não informado;Não informado;;Não informado
SAS7763;.2;Automóvel;;;;Não informado;Não informado;Não informado;Não informado;Não informado;;Não informado
UOY0682;.1;Bicicleta;;;;;;;Não informado;;;
NQG3795;.1;Bicicleta;;;;Não informado;Não informado;Não informado;Não informado;Danificado;;Avenida Pessoa Anta
NQG3795;.2;Motocicleta;;;;Não informado;Não informado;Não informado;Não informado;Danificado;;Avenida Pessoa Anta
PRN6430;.1;Bicicleta;;;;;;;Não informado;;;
PRN6430;.2;Automóvel;;;;;;;Não informado;;;
OZF5645;.1;Bicicleta;;;;;;;Não informado;;;
OZF5645;.2;Automóvel;;;;;;;Não informado;;;
CKT2182;.1;Bicicleta;;;;;;;Não informado;;;
CKT2182;.2;Automóvel;;;;;;;Não informado;;;
CBL9029;.1;Bicicleta;;;;Não informado;Não informado;Não informado;Não informado;Não informado;;Não informado
ULI6118;.1;Bicicleta;;;;;;;Não informado;;;
KNY1687;.1;Bicicleta;;;;;;;Não informado;;;
KNY1687;.2;Automóvel;;;;;;;Não informado;;;
OMN2485;.1;Bicicleta;;;;Não informado;Não informado;Não informado;Não informado;Não informado;;Não informado
IZB6430;.1;Bicicleta;;;;;;;Não informado;;;
BUZ6514;.1;Bicicleta;;;;Não informado;Não informado;Não informado;Não informado;Não informado;;Não informado
TGC6388;.1;Motocicleta;TRIUMPH TRIDENT;2023;PRATA;Passageiro;Particular;Não Se Aplica;Não informado;Danificado;CIRCULANDO;Avenida Borges de Melo
TGC6388;.2;Bicicleta;;;;Passageiro;Particular;Não Se Aplica;Não informado;Danificado;ATRAVESSANDO A PISTA;Avenida Borges de Melo
UMJ2793;.1;Bicicleta;;;;Não informado;Não informado;Não informado;Não informado;Não informado;;Não informado
XLE2499;.1;Bicicleta;;;;Não informado;Não informado;Não informado;Não informado;Danificado;;Rua Professor José Silveira
XLE2499;.2;Camioneta;RENAULT DUSTER;;;Não informado;Não informado;Não informado;Não informado;Danificado;;RUA PEDRO SAMPAIO
HEF6439;.1;Bicicleta;XXX Xxx;;XXX;Não informado;Não informado;;Não informado;;Cruzando o fluxo;
HEF6439;.2;Camioneta;RENAULT Duster zen 16;;BRANCA;Misto;Particular;;Não informado;;Cruzando o fluxo;
FVU7365;.1;Bicicleta;;;;;;;Não informado;;;
CBJ7059;.1;Bicicleta;;;;;;;Não informado;;;
IYW1368;.1;Bicicleta;;;;Não informado;Não informado;Não informado;Não informado;Não informado;;Não informado
DZQ8797;.1;Bicicleta;;;;;;;Não informado;;;
VIO8244;.1;Bicicleta;;;;;;;Não informado;;;
AUG5120;.1;Bicicleta;;;;Não informado;Não informado;Não informado;Não informado;Não informado;;Não informado
UCW9736;.1;Motocicleta;;;;Não informado;Não informado;Não informado;Não informado;Danificado;;Avenida Doutor Mendel Steinbruch
UCW9736;.2;Bicicleta;;;;Não informado;Não informado;Não informado;Não informado;Danificado;;Avenida Doutor Mendel Steinbruch
MTG7407;.1;Bicicleta;;;;Não informado;Não informado;Não informado;Não informado;Não informado;;Não informado
WSB5967;.1;Bicicleta;;;;;;;Não informado;;;
WSB5967;.2;Automóvel;;;;;;;Não informado;;;
ZPB7783;.1;Bicicleta;;;;;;;Não informado;;;
YHY2988;.1;Bicicleta;;;;;;;Não informado;;;
YHY2988;.2;Automóvel;;;;;;;Não informado;;;
RYH6085;.1;Bicicleta;;;;;;;Não informado;;;
DHO2739;.1;Bicicleta;;;;;;;Não informado;;;
YEC0514;.1;Bicicleta;;;;;;;Não informado;;;
YEC0514;.2;Automóvel;;;;;;;Não informado;;;
EIZ6605;.1;Bicicleta;;;;;;;Não informado;;;
EIZ6605;.2;Automóvel;;;;;;;Não informado;;;
NKX5252;.1;Bicicleta;;;;Não informado;Não informado;Não informado;Não informado;Não informado;;Não informado
NKX5252;.2;Automóvel;;;;Não informado;Não informado;Não informado;Não informado;Não informado;;Não informado
VTM1431;.1;Bicicleta;;;;;;;Não informado;;;
MZB3986;.1;Bicicleta;;;;;;;Não informado;;;
LST7815;.1;Bicicleta;;;;;;;Não informado;;;
NXN1845;.1;Bicicleta;;;;;;;Não informado;;;
IFO7200;.1;Bicicleta;;;;;;;Não informado;;;
YKQ5823;.1;Motocicleta;;;;Não informado;Não informado;Não informado;Não informado;Não informado;;Não informado
YKQ5823;.2;Bicicleta;;;;Não informado;Não informado;Não informado;Não informado;Não informado;;Senador Carlos Jereissati
EER1496;.1;Bicicleta;;;;Não informado;Não informado;Não informado;Não informado;Não informado;;Não informado
SXN2753;.1;Bicicleta;;;;;;;Não informado;;;
SPQ5350;.1;Bicicleta;;;;;;;Não informado;;;
SPQ5350;.2;Automóvel;;;;;;;Não informado;;;
XAP8900;.1;Bicicleta;;;;Não informado;Não informado;Não informado;Não informado;Não informado;;Não informado
XAP8900;.2;Automóvel;;;;Não informado;Não informado;Não informado;Não informado;Não informado;;Não informado
XDI6606;.1;Bicicleta;;;;;;;Não informado;;;
HJY0193;.1;Bicicleta;;;;Não informado;Não informado;Não informado;Não informado;Não informado;;Não informado
NAQ3591;.1;Bicicleta;;;;;;;Não informado;;;
JKE3824;.1;Bicicleta;;;;;;;Não informado;;;
MQB6506;.1;Bicicleta;;;;;;;Não informado;;;
MQB6506;.2;Automóvel;;;;;;;Não informado;;;
RZQ2891;.1;Bicicleta;;;;;;;Não informado;;;
SIB6175;.1;Bicicleta;;;;Não informado;Não informado;Não informado;Não informado;Não informado;;Não informado
RRX6292;.1;Bicicleta;;;;;;;Não informado;;;
AQX0506;.1;Bicicleta;;;;;;;Não informado;;;
EXX2225;.1;Bicicleta;;;;;;;Não informado;;;
EXX2225;.2;Automóvel;;;;;;;Não informado;;;
XUX6869;.1;Bicicleta;;;;;;;Não informado;;;
XUX6869;.2;Automóvel;;;;;;;Não informado;;;
DGB4171;.1;Bicicleta;;;;;;;Não informado;;;
USI5012;.1;Bicicleta;;;;Não informado;Não informado;Não informado;Não informado;Não informado;;Não informado
USI5012;.2;Automóvel;;;;Não informado;Não informado;Não informado;Não informado;Não informado;;Não informado
QNJ9649;.1;Bicicleta;;;;;;;Não informado;;;
QNJ9649;.2;Automóvel;;;;;;;Não informado;;;
RBZ6378;.1;Bicicleta;;;;Não informado;Não informado;Não informado;Não informado;Não informado;;Não informado
AOJ6973;.1;Bicicleta;;;;;;;Não informado;;;
HTF8063;.1;Bicicleta;;;;;;;Não informado;;;
NMM5644;.1;Bicicleta;;;;;;;Não informado;;;
NMM5644;.2;Automóvel;;;;;;;Não informado;;;
MAR2749;.1;Bicicleta;;;;Não informado;Não informado;Não informado;Não informado;Não informado;;Não informado
MAR2749;.2;Automóvel;;;;Não informado;Não informado;Não informado;Não informado;Não informado;;Não informado
OOM1549;.1;Bicicleta;;;;Não informado;Não informado;Não informado;Não informado;Não informado;;Não informado
AEN9971;.1;Bicicleta;;;;;;;Não informado;;;
INY7012;.1;Bicicleta;;;;;;;Não informado;;;
HIV2238;.1;Bicicleta;;;;;;;Não informado;;;
KCT2884;.1;Bicicleta;;;;;;;Não informado;;;
HXO6416;.1;Bicicleta;;;;Não informado;Não informado;Não informado;Não informado;Não informado;;Não informado
HXO6416;.2;Automóvel;;;;Não informado;Não informado;Não informado;Não informado;Não informado;;Não informado
IDV1424;.1;Bicicleta;;;;;;;Não informado;;;
HPY3969;.1;Bicicleta;;;;Não informado;Não informado;Não informado;Não informado;Não informado;;Não informado
XEE6723;.1;Bicicleta;;;;Não informado;Não informado;Não informado;Não informado;Não informado;;Não informado
KXY7242;.1;Bicicleta;;;;Não informado;Não informado;Não informado;Não informado;Não informado;;Não informado
UUG3939;.1;Motocicleta;HONDA Cg150 fan esdi;;VERMELHA;Passageiro;Particular;;Não informado;;Circulando;
UUG3939;.2;Bicicleta;OIOOOO Ooooooo;;AZUL;Não informado;Não informado;;Não informado;;Circulando;
UQG7326;.1;Bicicleta;;;;;;;Não informado;;;
QSE3637;.1;Bicicleta;;;;;;;Não informado;;;
QSE3637;.2;Automóvel;;;;;;;Não informado;;;
KXQ0857;.1;Bicicleta;;;;;;;Não informado;;;
LGM4660;.1;Bicicleta;;;;;;;Não informado;;;
LGM4660;.2;Automóvel;;;;;;;Não informado;;;
HYP7520;.1;Bicicleta;;;;;;;Não informado;;;
AYA4468;.1;Bicicleta;;;;;;;Não informado;;;
AYA4468;.2;Automóvel;;;;;;;Não informado;;;
NUA9954;.1;Bicicleta;;;;;;;Não informado;;;
LXZ3274;.1;Bicicleta;;;;;;;Não informado;;;
BSF4021;.1;Bicicleta;;;;;;;Não informado;;;
ODV3369;.1;Bicicleta;;;;;;;Não informado;;;
GNO4235;.1;Bicicleta;;;;;;;Não informado;;;
GNO4235;.2;Automóvel;;;;;;;Não informado;;;
LVT0341;.1;Bicicleta;;;;;;;Não informado;;;
AGZ5709;.1;Bicicleta;;;;Não informado;Não informado;Não informado;Não informado;Não informado;;Não informado
HBR0696;.1;Bicicleta;;;;;;;Não informado;;;
DIB6623;.1;Bicicleta;;;;Não informado;Não informado;Não informado;Não informado;Não informado;;Não informado
DIB6623;.2;Automóvel;;;;Não informado;Não informado;Não informado;Não informado;Não informado;;Não informado
WVI1663;.1;Automóvel;TOYOTA Corolla grs;;PRETA;Passageiro;Particular;;Não informado;;Circulando;
WVI1663;.2;Bicicleta;OGGI Hacker;;PRETA;Não informado;Não informado;;Não informado;;Circulando;
ZTA6877;.1;Bicicleta;;;;Não informado;Não informado;Não informado;Não informado;Danificado;;Não informado
ZTA6877;.2;Automóvel;TOYOTA COROLLA;;;Não informado;Não informado;Não informado;Não informado;Danificado;;Não informado
NXN5410;.1;Bicicleta;;;;;;;Não informado;;;
YFK6513;.1;Bicicleta;;;;;;;Não informado;;;
TVO7551;.1;Bicicleta;;;;;;;Não informado;;;
TVO7551;.2;Automóvel;;;;;;;Não informado;;;
MBB2312;.1;Bicicleta;;;;;;;Não informado;;;
PLZ0205;.1;Bicicleta;;;;;;;Não informado;;;
PLZ0205;.2;Automóvel;;;;;;;Não informado;;;
HUM8410;.1;Bicicleta;;;;Não informado;Não informado;Não informado;Não informado;Não informado;;Não informado
HUM8410;.2;Automóvel;;;;Não informado;Não informado;Não informado;Não informado;Não informado;;Não informado
AZR3037;.1;Bicicleta;;;;Não informado;Não informado;Não informado;Não informado;Não informado;;Não informado
AZR3037;.2;Automóvel;;;;Não informado;Não informado;Não informado;Não informado;Não informado;;Não informado
EHY0604;.1;Bicicleta;;;;Não informado;Não informado;Não informado;Não informado;Não informado;;Não informado
HHI1203;.1;Bicicleta;;;;;;;Não informado;;;
PDW1845;.1;Bicicleta;;;;;;;Não informado;;;
NNP1448;.1;Bicicleta;XXX Xxx;;PRETA;Não informado;Não informado;;Não informado;;Circulando;
YHM2227;.1;Bicicleta;;;;Não informado;Não informado;Não informado;Não informado;Não informado;;Não informado
OPM8675;.1;Bicicleta;;;;Não informado;Não informado;Não informado;Não informado;Não informado;;Não informado
PBV0237;.1;Bicicleta;;;;;;;Não informado;;;
DEQ9909;.1;Motocicleta;YAMAHA FACTOR 150;2022;VERMELHO;Passageiro;Particular;Não Se Aplica;Não informado;Danificado;;Avenida Heráclito Graça
DEQ9909;.2;Bicicleta;;;;Passageiro;Não informado;Não Se Aplica;Não informado;Danificado;;RUA DNA LEOPOLDINA
SGY7148;.1;Bicicleta;;;;;;;Não informado;;;
YQC5909;.1;Bicicleta;;;;;;;Não informado;;;
CDE1057;.1;Bicicleta;;;;Não informado;Não informado;Não informado;Não informado;Não informado;;Não informado
FVU7284;.1;Bicicleta;;;;Não informado;Não informado;Não informado;Não informado;Não informado;;Não informado
RQU3248;.1;Bicicleta;;;;;;;Não informado;;;
LDQ0559;.1;Bicicleta;;;;;;;Não informado;;;
ICX2453;.1;Bicicleta;;;;;;;Não informado;;;
KCV9274;.1;Bicicleta;;;;;;;Não informado;;;
YMH5535;.1;Bicicleta;;;;;;;Não informado;;;
YMH5535;.2;Automóvel;;;;;;;Não informado;;;
ISL9809;.1;Bicicleta;;;;Não informado;Não informado;Não informado;Não informado;Não informado;;Não informado
ISL9809;.2;Automóvel;;;;Não informado;Não informado;Não informado;Não informado;Não informado;;Não informado
KYH7210;.1;Bicicleta;;;;Não informado;Não informado;Não informado;Não informado;Não informado;;Não informado
AQX8830;.1;Bicicleta;;;;;;;Não informado;;;
PAI0749;.1;Bicicleta;;;;;;;Não informado;;;
NVS2354;.1;Bicicleta;;;;Não informado;Não informado;Não informado;Não informado;Não informado;;Não informado
NVS2354;.2;Automóvel;;;;Não informado;Não informado;Não informado;Não informado;Não informado;;Não informado
VXD8139;.1;Bicicleta;;;;Não informado;Não informado;Não informado;Não informado;Não informado;;Não informado
ERJ0040;.1;Bicicleta;;;;;;;Não informado;;;
VCE4381;.1;Bicicleta;;;;Não informado;Não informado;Não informado;Não informado;Não informado;;Não informado
UXW4310;.1;Bicicleta;;;;;;;Não informado;;;
TSN2168;.1;Bicicleta;;;;;;;Não informado;;;
TWP7383;.1;Bicicleta;;;;;;;Não informado;;;
TWP7383;.2;Automóvel;;;;;;;Não informado;;;
EYD1095;.1;Bicicleta;;;;;;;Não informado;;;
DTX6906;.1;Bicicleta;;;;Não informado;Não informado;Não informado;Não informado;Não informado;;Não informado
NPF2403;.1;Bicicleta;;;;;;;Não informado;;;
RAJ9597;.1;Bicicleta;;;;;;;Não informado;;;
RAJ9597;.2;Automóvel;;;;;;;Não informado;;;
BMA7251;.1;Bicicleta;;;;Não informado;Não informado;Não informado;Não informado;Não informado;;Não informado
BMA7251;.2;Motocicleta;;;;Não informado;Não informado;Não informado;Não informado;Não informado;;Não informado
WBC0501;.1;Bicicleta;;;;;;;Não informado;;;
LBM4561;.1;Bicicleta;;;;;;;Não informado;;;
LBM4561;.2;Automóvel;;;;;;;Não informado;;;
AAE2677;.1;Bicicleta;;;;;;;Não informado;;;
HQM4793;.1;Bicicleta;;;;;;;Não informado;;;
PEN7946;.1;Bicicleta;;;;;;;Não informado;;;
OZI0598;.1;Bicicleta;;;;Não informado;Não informado;Não informado;Não informado;Não informado;;Não informado
OZI0598;.2;Automóvel;;;;Não informado;Não informado;Não informado;Não informado;Não informado;;Não informado
FUV4484;.1;Bicicleta;;;;;;;Não informado;;;
MUN6201;.1;Bicicleta;;;;Não informado;Não informado;Não informado;Não informado;Não informado;;Não informado
MUN6201;.2;Automóvel;;;;Não informado;Não informado;Não informado;Não informado;Não informado;;Não informado
INJ6557;.1;Bicicleta;;;;Não informado;Não informado;Não informado;Não informado;Não informado;;Não informado
KZD5653;.1;Bicicleta;;;;;;;Não informado;;;
TKW6355;.1;Bicicleta;;;;;;;Não informado;;;
TKW6355;.2;Automóvel;;;;;;;Não informado;;;
OMC6353;.1;Bicicleta;;;;Não informado;Não informado;Não informado;Não informado;Não informado;;Não informado
STQ3973;.1;Bicicleta;;;;;;;Não informado;;;
STQ3973;.2;Automóvel;;;;;;;Não informado;;;
RKU2806;.1;Motocicleta;;;;Não informado;Não informado;Não informado;Não informado;Danificado;;Manoel Mavignier
RKU2806;.2;Bicicleta;;;;Não informado;Não informado;Não informado;Não informado;Danificado;;Manoel Mavignier
UVC3511;.1;Bicicleta;;;;Não informado;Não informado;Não informado;Não informado;Não informado;;Não informado
CUB6166;.1;Bicicleta;;;;;;;Não informado;;;
WQD2713;.1;Bicicleta;;;;;;;Não informado;;;
SOF9931;.1;Bicicleta;;;;;;;Não informado;;;
JHP7774;.1;Bicicleta;;;;;;;Não informado;;;
CXB1843;.1;Bicicleta;;;;;;;Não informado;;;
FFU8601;.1;Bicicleta;;;;;;;Não informado;;;
HWJ8729;.1;Bicicleta;;;;;;;Não informado;;;
HWJ8729;.2;Automóvel;;;;;;;Não informado;;;
HKC7112;.1;Bicicleta;;;;;;;Não informado;;;
XLD5093;.1;Bicicleta;;;;Não informado;Não informado;Não informado;Não informado;Não informado;;Não informado
XLD5093;.2;Automóvel;;;;Não informado;Não informado;Não informado;Não informado;Não informado;;Não informado
MFR6301;.1;Bicicleta;;;;;;;Não informado;;;
MCG6288;.1;Automóvel;TOYOTA COROLLA;2017;BRANCA;Não informado;Não informado;Não informado;Não informado;Danificado;CIRCULANDO;Avenida Presidente Costa e Silva
MCG6288;.2;Bicicleta;;;;Não informado;Não informado;Não informado;Não informado;Danificado;CIRCULANDO;Avenida Presidente Costa e Silva
WUU6241;.1;Bicicleta;;;;;;;Não informado;;;
NNE9015;.1;Bicicleta;;;;;;;Não informado;;;
NNE9015;.2;Automóvel;;;;;;;Não informado;;;
GUZ1487;.1;Bicicleta;;;;;;;Não informado;;;
HHI2403;.1;Bicicleta;;;;Não informado;Não informado;Não informado;Não informado;Danificado;;Não informado
HHI2403;.2;Motocicleta;YAMAHA;;;Não informado;Não informado;Não informado;Não informado;Danificado;;Não informado
SEL0607;.1;Bicicleta;;;;;;;Não informado;;;
SEL0607;.2;Automóvel;;;;;;;Não informado;;;
PEG3398;.1;Bicicleta;;;;;;;Não informado;;;
LBL6846;.1;Bicicleta;;;;;;;Não informado;;;
LBL6846;.2;Automóvel;;;;;;;Não informado;;;
PAQ0251;.1;Bicicleta;;;;Não informado;Não informado;Não informado;Não informado;Não informado;;Não informado
ZGE9852;.1;Bicicleta;;;;Não informado;Não informado;Não informado;Não informado;Não informado;;Não informado
JBZ4219;.1;Bicicleta;;;;;;;Não informado;;;
EVE9789;.1;Bicicleta;;;;Não informado;Não informado;Não informado;Não informado;Não informado;;Não informado
CAP2193;.1;Bicicleta;;;;Não informado;Não informado;Não informado;Não informado;Não informado;;Não informado
CAP2193;.2;Automóvel;;;;Não informado;Não informado;Não informado;Não informado;Não informado;;Não informado
YJE7943;.1;Bicicleta;;;;;;;Não informado;;;
SLR8692;.1;Bicicleta;;;;;;;Não informado;;;
OOQ1298;.1;Bicicleta;;;;;;;Não informado;;;
OOQ1298;.2;Automóvel;;;;;;;Não informado;;;
TVA1809;.1;Bicicleta;;;;Não informado;Não informado;Não informado;Não informado;Não informado;;Não informado
ZSF2191;.1;Bicicleta;;;;;;;Não informado;;;
GJC7077;.1;Bicicleta;;;;;;;Não informado;;;
YPW6304;.1;Bicicleta;;;;;;;Não informado;;;
FEU4924;.1;Bicicleta;;;;;;;Não informado;;;
RHV5988;.1;Bicicleta;;;;;;;Não informado;;;
NES2721;.1;Bicicleta;;;;;;;Não informado;;;
FEP9843;.1;Bicicleta;;;;Não informado;Não informado;Não informado;Não informado;Não informado;;Não informado
MZD3669;.1;Bicicleta;;;;;;;Não informado;;;
MZD3669;.2;Automóvel;;;;;;;Não informado;;;
TWW4718;.1;Bicicleta;;;;Não informado;Não informado;Não informado;Não informado;Não informado;;Não informado
DSI8399;.1;Bicicleta;;;;;;;Não informado;;;
DSI8399;.2;Automóvel;;;;;;;Não informado;;;
JXJ2753;.1;Bicicleta;;;;;;;Não informado;;;
HKK1927;.1;Bicicleta;;;;;;;Não informado;;;
ABZ7679;.1;Bicicleta;;;;;;;Não informado;;;
LYJ2860;.1;Bicicleta;;;;;;;Não informado;;;
ZAD8083;.1;Bicicleta;;;;;;;Não informado;;;
QOK3189;.1;Bicicleta;;;;;;;Não informado;;;
UHJ5641;.1;Bicicleta;;;;;;;Não informado;;;
SSO0087;.1;Bicicleta;;;;;;;Não informado;;;
SSO0087;.2;Automóvel;;;;;;;Não informado;;;
UNZ5294;.1;Bicicleta;;;;;;;Não informado;;;
UGQ8339;.1;Bicicleta;;;;;;;Não informado;;;
ZVT6795;.1;Bicicleta;;;;Não informado;Não informado;Não informado;Não informado;Não informado;;Não informado
QXH0248;.1;Bicicleta;;;;;;;Não informado;;;
QXH0248;.2;Automóvel;;;;;;;Não informado;;;
ZCJ2704;.1;Bicicleta;;;;;;;Não informado;;;
ZCJ2704;.2;Automóvel;;;;;;;Não informado;;;
JOP1780;.1;Bicicleta;;;;;;;Não informado;;;
IPB1445;.1;Bicicleta;;;;;;;Não informado;;;
GMG1553;.1;Bicicleta;;;;Não informado;Não informado;Não informado;Não informado;Não informado;;Não informado
GMG1553;.2;Automóvel;;;;Não informado;Não informado;Não informado;Não informado;Não informado;;Não informado
LSU2970;.1;Bicicleta;;;;;;;Não informado;;;
PUR6233;.1;Bicicleta;;;;;;;Não informado;;;
TOA4802;.1;Bicicleta;;;;Não informado;Não informado;Não informado;Não informado;Não informado;;Não informado
ZXF7874;.1;Bicicleta;;;;Não informado;Não informado;Não informado;Não informado;Não informado;;Não informado
JKJ0210;.1;Bicicleta;;;;;;;Não informado;;;
IJG2468;.1;Automóvel;I Vw jetta 2.0;;PRETA;Passageiro;Particular;;Não informado;;Circulando;
IJG2468;.2;Bicicleta;TROPICAL Poppy;;ROSA;Não informado;Não informado;;Não informado;;Cruzando o fluxo;
BOA9920;.1;Bicicleta;;;;;;;Não informado;;;
BOA9920;.2;Automóvel;;;;;;;Não informado;;;
YYP5575;.1;Bicicleta;;;;;;;Não informado;;;
KWE4170;.1;Bicicleta;;;;;;;Não informado;;;
NQG8674;.1;Bicicleta;;;;;;;Não informado;;;
HZB5700;.1;Bicicleta;;;;Não informado;Não informado;Não informado;Não informado;Não informado;;Não informado
HZB5700;.2;Automóvel;;;;Não informado;Não informado;Não informado;Não informado;Não informado;;Não informado
WDI7543;.1;Bicicleta;;;;;;;Não informado;;;
GGF1609;.1;Bicicleta;;;;;;;Não informado;;;
GGF1609;.2;Automóvel;;;;;;;Não informado;;;
QVW7408;.1;Bicicleta;;;;;;;Não informado;;;
QVW7408;.2;Automóvel;;;;;;;Não informado;;;
IBW0271;.1;Bicicleta;;;;;;;Não informado;;;
IJY0973;.1;Bicicleta;;;;;;;Não informado;;;
ORX2186;.1;Bicicleta;;;;;;;Não informado;;;
ORX2186;.2;Automóvel;;;;;;;Não informado;;;
NTZ1916;.1;Bicicleta;;;;;;;Não informado;;;
NTZ1916;.2;Automóvel;;;;;;;Não informado;;;
HVV5120;.1;Bicicleta;;;;;;;Não informado;;;
HVV5120;.2;Automóvel;;;;;;;Não informado;;;
HUW4255;.1;Bicicleta;;;;Não informado;Não informado;Não informado;Não informado;Não informado;;Não informado
QRS8152;.1;Bicicleta;;;;;;;Não informado;;;
VZT0078;.1;Bicicleta;;;;;;;Não informado;;;
IOQ8717;.1;Bicicleta;;;;Não informado;Não informado;Não informado;Não informado;Não informado;;Não informado
SFW3065;.1;Bicicleta;;;;;;;Não informado;;;
JNZ5273;.1;Bicicleta;;;;Não informado;Não informado;Não informado;Não informado;Não informado;;Não informado
NQR1051;.1;Bicicleta;;;;Não informado;Não informado;Não informado;Não informado;Não informado;;Não informado
NQR1051;.2;Automóvel;;;;Não informado;Não informado;Não informado;Não informado;Não informado;;Não informado
JLM5320;.1;Bicicleta;;;;;;;Não informado;;;
JLM5320;.2;Automóvel;;;;;;;Não informado;;;
IHG0084;.1;Bicicleta;;;;Não informado;Não informado;Não informado;Não informado;Não informado;;Não informado
MQP6214;.1;Bicicleta;;;;;;;Não informado;;;
MQP6214;.2;Automóvel;;;;;;;Não informado;;;
SND3870;.1;Motocicleta;HONDA POP 110;2024;VERMELHO;Passageiro;Particular;Não Se Aplica;Não informado;Danificado;;RUA CON LIMA SUCUPIRA
SND3870;.2;Bicicleta;;;;Passageiro;Particular;Não Se Aplica;Não informado;Danificado;;RUA CON LIMA SUCUPIRA
UGX4221;.1;Motocicleta;HONDA Cg 160 titan;;VERMELHA;Passageiro;Particular;;Não informado;;Circulando;
UGX4221;.2;Bicicleta; ;;PRETA;Não informado;Não informado;;Não informado;;Circulando;
HQY9741;.1;Bicicleta;;;;;;;Não informado;;;
THJ6078;.1;Bicicleta;;;;;;;Não informado;;;
IKY7546;.1;Bicicleta;;;;;;;Não informado;;;
IKY7546;.2;Automóvel;;;;;;;Não informado;;;
MBO7805;.1;Bicicleta;;;;;;;Não informado;;;
BBV8542;.1;Bicicleta;;;;;;;Não informado;;;
DHP9799;.1;Bicicleta;;;;;;;Não informado;;;
DHP9799;.2;Automóvel;;;;;;;Não informado;;;
SCU0501;.1;Bicicleta;;;;;;;Não informado;;;
USA9673;.1;Bicicleta;;;;;;;Não informado;;;
USA9673;.2;Automóvel;;;;;;;Não informado;;;
SUM6711;.1;Bicicleta;;;;;;;Não informado;;;
YTK2307;.1;Bicicleta;;;;Não informado;Não informado;Não informado;Não informado;Não informado;;Não informado
JHS8564;.1;Ônibus;M.BENZ Induscar apache u;;BRANCA;Passageiro;Aluguel;;Não informado;;Circulando;
JHS8564;.2;Bicicleta;SEM MARCA Sem modelo;;PRETO;Não informado;Não informado;;Não informado;;Circulando;
DOH5839;.1;Bicicleta;;;;Não informado;Não informado;Não informado;Não informado;Não informado;;Não informado
DOH5839;.2;Automóvel;;;;Não informado;Não informado;Não informado;Não informado;Não informado;;Não informado
OWO9897;.1;Bicicleta;;;;;;;Não informado;;;
OWO9897;.2;Automóvel;;;;;;;Não informado;;;
HJK2212;.1;Bicicleta;;;;;;;Não informado;;;
HJK2212;.2;Automóvel;;;;;;;Não informado;;;
IRU4072;.1;Bicicleta;;;;;;;Não informado;;;
TGU2813;.1;Bicicleta;;;;;;;Não informado;;;
TGU2813;.2;Automóvel;;;;;;;Não informado;;;
ZVP3139;.1;Bicicleta;;;;;;;Não informado;;;
AES0330;.1;Bicicleta;;;;Não informado;Não informado;Não informado;Não informado;Não informado;;Não informado
XKD7323;.1;Bicicleta;;;;;;;Não informado;;;
XKD7323;.2;Automóvel;;;;;;;Não informado;;;
OKP6315;.1;Motocicleta;HONDA START 160;2016;VERMELHA;Passageiro;Particular;Não Se Aplica;Não informado;Danificado;CIRCULANDO;Rua João Carvalho
OKP6315;.2;Bicicleta;;;;Não informado;Particular;Não Se Aplica;Não informado;Danificado;;AV BAR STUDART
QEF0981;.1;Bicicleta;;;;;;;Não informado;;;
QEF0981;.2;Automóvel;;;;;;;Não informado;;;
HRX7405;.1;Bicicleta;;;;;;;Não informado;;;
VTR2847;.1;Bicicleta;;;;Não informado;Não informado;Não informado;Não informado;Não informado;;Não informado
JSH2355;.1;Bicicleta;;;;;;;Não informado;;;
SJR5896;.1;Bicicleta;;;;Não informado;Não informado;Não informado;Não informado;Não informado;;Não informado
SJR5896;.2;Automóvel;;;;Não informado;Não informado;Não informado;Não informado;Não informado;;Não informado
UEA9894;.1;Bicicleta;;;;;;;Não informado;;;
NSB3614;.1;Bicicleta;;;;Não informado;Não informado;Não informado;Não informado;Não informado;;Não informado
JOQ2323;.1;Bicicleta;;;;Não informado;Não informado;Não informado;Não informado;Não informado;;Não informado
WOW0207;.1;Bicicleta;;;;;;;Não informado;;;
HYT1695;.1;Bicicleta;;;;;;;Não informado;;;
KZL2203;.1;Bicicleta;;;;;;;Não informado;;;
KZL2203;.2;Automóvel;;;;;;;Não informado;;;
DIH7179;.1;Bicicleta;;;;Não informado;Não informado;Não informado;Não informado;Não informado;;Não informado
JTH8066;.1;Bicicleta;;;;;;;Não informado;;;
JTH8066;.2;Automóvel;;;;;;;Não informado;;;
YCB9085;.1;Bicicleta;;;;Não informado;Não informado;Não informado;Não informado;Não informado;;Não informado
BVR8055;.1;Bicicleta;;;;;;;Não informado;;;
BVR8055;.2;Automóvel;;;;;;;Não informado;;;
LXA4981;.1;Bicicleta;;;;;;;Não informado;;;
WLY8139;.1;Bicicleta;;;;;;;Não informado;;;
GPG9952;.1;Bicicleta;;;;;;;Não informado;;;
GPG9952;.2;Automóvel;;;;;;;Não informado;;;
FXE6503;.1;Bicicleta;;;;;;;Não informado;;;
EIG6130;.1;Bicicleta;;;;;;;Não informado;;;
EIG6130;.2;Automóvel;;;;;;;Não informado;;;
QMA3776;.1;Bicicleta;;;;Não informado;Não informado;Não informado;Não informado;Não informado;;Não informado
NLA5789;.1;Bicicleta;;;;;;;Não informado;;;
QAR6632;.1;Bicicleta;;;;;;;Não informado;;;
KHX9884;.1;Motocicleta;HONDA CB 300;2009;PRETA;Passageiro;Particular;Não Se Aplica;Não informado;Danificado;CIRCULANDO;Avenida Presidente Castelo Branco
KHX9884;.2;Bicicleta;;;;Não informado;Não informado;Não informado;Não informado;Danificado;CRUZANDO O FLUXO;Avenida Presidente Castelo Branco
JJO4774;.1;Bicicleta;;;;Não informado;Não informado;Não informado;Não informado;Não informado;;Não informado
GPF1092;.1;Bicicleta;;;;;;;Não informado;;;
BZV4062;.1;Bicicleta;;;;;;;Não informado;;;
LXH4189;.1;Bicicleta;;;;;;;Não informado;;;
EOW1180;.1;Bicicleta;;;;;;;Não informado;;;
EOW1180;.2;Automóvel;;;;;;;Não informado;;;
KTY2457;.1;Motocicleta;HONDA CG 150 FAN;2012;VERMELHA;Passageiro;Não informado;Não Se Aplica;Não informado;Danificado;;Avenida Doutor Silas Munguba
KTY2457;.2;Bicicleta;ALFAMEQ;;CINZA;Passageiro;Não informado;Não Se Aplica;Não informado;Danificado;;Avenida Doutor Silas Munguba
PKP9579;.1;Bicicleta;;;;;;;Não informado;;;
BQU7577;.1;Bicicleta;;;;;;;Não informado;;;
BQU7577;.2;Automóvel;;;;;;;Não informado;;;
PBV8266;.1;Bicicleta;;;;;;;Não informado;;;
LZS8940;.1;Bicicleta;;;;;;;Não informado;;;
LZS8940;.2;Automóvel;;;;;;;Não informado;;;
HWY3105;.1;Bicicleta;;;;;;;Não informado;;;
QEN0943;.1;Bicicleta;;;;;;;Não informado;;;
QEN0943;.2;Automóvel;;;;;;;Não informado;;;
MJH5821;.1;Motocicleta;YAMAHA YS 150 FAZER;2013;AZUL;Passageiro;Particular;Não informado;Não informado;Danificado;CRUZANDO O FLUXO;AV JOSE JATAHY
MJH5821;.2;Bicicleta;;;;Não informado;Não informado;Não informado;Não informado;Danificado;CRUZANDO O FLUXO;AV JOSE JATAHY
ZBE9740;.1;Bicicleta;;;;Não informado;Não informado;Não informado;Não informado;Não informado;;Não informado
ZBE9740;.2;Motocicleta;;;;Não informado;Não informado;Não informado;Não informado;Não informado;;Não informado
SNA0144;.1;Bicicleta;;;;Não informado;Não informado;Não informado;Não informado;Não informado;;Não informado
KDY9103;.1;Bicicleta;;;;;;;Não informado;;;
ERN3843;.1;Bicicleta;;;;Não informado;Não informado;Não informado;Não informado;Não informado;;Não informado
OEW0127;.1;Bicicleta;;;;;;;Não informado;;;
TSP0773;.1;Bicicleta;;;;;;;Não informado;;;
NJI5293;.1;Bicicleta;;;;Não informado;Não informado;Não informado;Não informado;Não informado;;Não informado
UQL7369;.1;Bicicleta;;;;;;;Não informado;;;
BYZ4708;.1;Bicicleta;;;;Não informado;Não informado;Não informado;Não informado;Não informado;;Não informado
BYZ4708;.2;Automóvel;;;;Não informado;Não informado;Não informado;Não informado;Não informado;;Não informado
NYK4161;.1;Bicicleta;;;;;;;Não informado;;;
NYK4161;.2;Automóvel;;;;;;;Não informado;;;
YHZ5198;.1;Bicicleta;;;;Não informado;Não informado;Não informado;Não informado;Não informado;;Não informado
YHZ5198;.2;Automóvel;;;;Não informado;Não informado;Não informado;Não informado;Não informado;;Não informado
AVR8265;.1;Bicicleta;;;;;;;Não informado;;;
ZNK4119;.1;Bicicleta;;;;Não informado;Não informado;Não informado;Não informado;Não informado;;Não informado
SNL6247;.1;Caminhonete;MMC L200 triton 3.2 d;;PRETA;Especial;Particular;;Não informado;;Cruzando o fluxo;
SNL6247;.2;Bicicleta;GTI Geral;;AMARELO;Não informado;Não informado;;Não informado;;Circulando;
XJM8830;.1;Bicicleta;;;;;;;Não informado;;;
YPU9668;.1;Bicicleta;;;;Não informado;Não informado;Não informado;Não informado;Não informado;;Não informado
ZYP5782;.1;Bicicleta;;;;;;;Não informado;;;
NDQ9918;.1;Bicicleta;;;;;;;Não informado;;;
ARK4857;.1;Bicicleta;;;;;;;Não informado;;;
KIS4795;.1;Bicicleta;;;;;;;Não informado;;;
QOT8404;.1;Bicicleta;;;;;;;Não informado;;;
ZZK8544;.1;Ônibus;M.BENZ NEOBUS;2015;BRANCA;Passageiro;Aluguel;Ônibus;Não informado;Danificado;CIRCULANDO;AV GAL OSORIO DE PAIVA
ZZK8544;.2;Bicicleta;;;;Não informado;Não informado;Não informado;Não informado;Danificado;CRUZANDO O FLUXO;RUA ARARIPE PRATA
PFN1663;.1;Bicicleta;;;;;;;Não informado;;;
QUS1093;.1;Bicicleta;;;;Não informado;Não informado;Não informado;Não informado;Não informado;;Não informado
ORZ1419;.1;Bicicleta;;;;;;;Não informado;;;
PDN4523;.1;Bicicleta;;;;Não informado;Não informado;Não informado;Não informado;Não informado;;Não informado
NBL5662;.1;Motocicleta;HONDA Nxr150 bros es;;PRETA;Passageiro;Particular;;Não informado;;Circulando;
NBL5662;.2;Bicicleta;SEM IDENTIFICAÇÃO Sem identificação;;PRETA;Não informado;Não informado;;Não informado;;Cruzando o fluxo;
ZRX7240;.1;Bicicleta;;;;;;;Não informado;;;
ZRX7240;.2;Automóvel;;;;;;;Não informado;;;
HBY4703;.1;Bicicleta;;;;;;;Não informado;;;
HBY4703;.2;Automóvel;;;;;;;Não informado;;;
FJV0965;.1;Bicicleta;;;;;;;Não informado;;;
JDP6504;.1;Bicicleta;;;;;;;Não informado;;;
IWU2070;.1;Bicicleta;;;;Não informado;Não informado;Não informado;Não informado;Não informado;;Não informado
VBL2937;.1;Bicicleta;MONARK;;VERMELHA;Passageiro;Particular;Não Se Aplica;Não informado;Danificado;CRUZANDO O FLUXO;Rua Álef de Souza Cavalcante
VBL2937;.2;Motocicleta;HONDA BROS ;2016;BRANCA;Passageiro;Particular;Não Se Aplica;Não informado;Não informado;CIRCULANDO;AV CASTELO DE CASTRO
MCE1166;.1;Bicicleta;;;;Não informado;Não informado;Não informado;Não informado;Não informado;;Não informado
ERF1879;.1;Bicicleta;;;;Não informado;Não informado;Não informado;Não informado;Não informado;;Não informado
BWZ3510;.1;Bicicleta;;;;Não informado;Não informado;Não informado;Não informado;Não informado;;Não informado
IMZ2138;.1;Bicicleta;;;;;;;Não informado;;;
XOQ4086;.1;Bicicleta;;;;;;;Não informado;;;
IES5345;.1;Bicicleta;;;;;;;Não informado;;;
WSX2357;.1;Bicicleta;;;;;;;Não informado;;;
PYU8638;.1;Bicicleta;;;;;;;Não informado;;;
PYU8638;.2;Automóvel;;;;;;;Não informado;;;
NZW2089;.1;Microônibus;M.BENZ/M.POLO;2017;BRANCO;Passageiro;Aluguel;Ônibus;Não informado;Danificado;CIRCULANDO;Avenida Monsenhor Tabosa
NZW2089;.2;Bicicleta;;;;Não informado;Não informado;Não informado;Não informado;Danificado;CIRCULANDO;Avenida Monsenhor Tabosa
JIP5472;.1;Motocicleta;HONDA Cg 125 fan ks;;PRETA;Passageiro;Particular;;Não informado;;Circulando;
JIP5472;.2;Bicicleta; ;;BRANCA;Não informado;Não informado;;Não informado;;Entrando na via;
SRU7746;.1;Bicicleta;;;;;;;Não informado;;;
SRU7746;.2;Automóvel;;;;;;;Não informado;;;
BGC2335;.1;Bicicleta;;;;Não informado;Não informado;Não informado;Não informado;Não informado;;Não informado
LPN3060;.1;Bicicleta;;;;;;;Não informado;;;
HQS8865;.1;Bicicleta;;;;;;;Não informado;;;
RMH3964;.1;Bicicleta;;;;;;;Não informado;;;
EVS0068;.1;Bicicleta;;;;Não informado;Não informado;Não informado;Não informado;Não informado;;Não informado
VRV6829;.1;Automóvel;VW FOX;2020;VERMELHA;Passageiro;Particular;Não Se Aplica;Não informado;Danificado;;Avenida Padre Antônio Tomás
VRV6829;.2;Bicicleta;SKY;;LARANJA;Passageiro;Particular;Não Se Aplica;Não informado;Danificado;;AV SEN VIRGILIO TAVORA
ECB1876;.1;Bicicleta;;;;;;;Não informado;;;
ECB1876;.2;Automóvel;;;;;;;Não informado;;;
OIM7721;.1;Bicicleta;;;;;;;Não informado;;;
OIM7721;.2;Automóvel;;;;;;;Não informado;;;
DUJ7284;.1;Bicicleta;;;;;;;Não informado;;;
GBF6302;.1;Bicicleta;;;;Não informado;Não informado;Não informado;Não informado;Não informado;;Não informado
GBF6302;.2;Automóvel;;;;Não informado;Não informado;Não informado;Não informado;Não informado;;Não informado
NVA3165;.1;Bicicleta;;;;Não informado;Não informado;Não informado;Não informado;Não informado;;Não informado
RYR0101;.1;Bicicleta;;;;;;;Não informado;;;
OCJ3880;.1;Bicicleta;;;;Não informado;Não informado;Não informado;Não informado;Não informado;;Não informado
WCO5828;.1;Bicicleta;;;;;;;Não informado;;;
AXS3285;.1;Bicicleta;;;;;;;Não informado;;;
YHD0099;.1;Bicicleta;;;;;;;Não informado;;;
RUR0806;.1;Bicicleta;;;;;;;Não informado;;;
RUR0806;.2;Automóvel;;;;;;;Não informado;;;
DDA8546;.1;Bicicleta;;;;;;;Não informado;;;
YRN6768;.1;Bicicleta;;;;;;;Não informado;;;
YRN6768;.2;Automóvel;;;;;;;Não informado;;;
MST4835;.1;Bicicleta;;;;Não informado;Não informado;Não informado;Não informado;Não informado;;Não informado
ZQT9921;.1;Bicicleta;;;;;;;Não informado;;;
ZTD5249;.1;Bicicleta;;;;;;;Não informado;;;
ZTD5249;.2;Automóvel;;;;;;;Não informado;;;
BYP0007;.1;Bicicleta;;;;;;;Não informado;;;
BYP0007;.2;Automóvel;;;;;;;Não informado;;;
LGM2022;.1;Bicicleta;;;;;;;Não informado;;;
LGM2022;.2;Automóvel;;;;;;;Não informado;;;
YBN4899;.1;Bicicleta;;;;;;;Não informado;;;
CLK8059;.1;Bicicleta;;;;;;;Não informado;;;
CUN5759;.1;Bicicleta;;;;;;;Não informado;;;
LQD2041;.1;Bicicleta;;;;;;;Não informado;;;
CUZ7252;.1;Bicicleta;;;;;;;Não informado;;;
CUZ7252;.2;Automóvel;;;;;;;Não informado;;;
KYA8749;.1;Bicicleta;;;;Não informado;Não informado;Não informado;Não informado;Não informado;;Não informado
KYA8749;.2;Automóvel;;;;Não informado;Não informado;Não informado;Não informado;Não informado;;Não informado
SKI2203;.1;Bicicleta;;;;;;;Não informado;;;
FIA2954;.1;Bicicleta;;;;;;;Não informado;;;
FIA2954;.2;Automóvel;;;;;;;Não informado;;;
ZTZ4351;.1;Bicicleta;;;;;;;Não informado;;;
WBO3816;.1;Bicicleta;;;;Não informado;Não informado;Não informado;Não informado;Não informado;;Não informado
NKR6901;.1;Bicicleta;;;;;;;Não informado;;;
GQF4924;.1;Bicicleta;;;;;;;Não informado;;;
FWV8916;.1;Bicicleta;;;;;;;Não informado;;;
MUI1868;.1;Bicicleta;;;;;;;Não informado;;;
MUI1868;.2;Automóvel;;;;;;;Não informado;;;
LIY4015;.1;Bicicleta;;;;Não informado;Não informado;Não informado;Não informado;Não informado;;Não informado
WHH5598;.1;Bicicleta;;;;;;;Não informado;;;
WHH5598;.2;Automóvel;;;;;;;Não informado;;;
XMW1428;.1;Bicicleta;;;;;;;Não informado;;;
XMW1428;.2;Automóvel;;;;;;;Não informado;;;
VET6740;.1;Bicicleta;;;;;;;Não informado;;;
NBX5958;.1;Bicicleta;;;;;;;Não informado;;;
PEI4053;.1;Bicicleta;;;;;;;Não informado;;;
TWY4246;.1;Bicicleta;;;;;;;Não informado;;;
HMQ5023;.1;Bicicleta;MONARK BARRA CIRCULAR;;VERDE;Não informado;Não informado;Não informado;Não informado;Danificado;CIRCULANDO;Não informado
FDP4013;.1;Bicicleta;;;;;;;Não informado;;;
EGA5596;.1;Bicicleta;;;;;;;Não informado;;;
