COD_ACIDENTE;VIA;NOME;SINALIZAÇÃO HORIZONTAL;SINALIZAÇÃO VERTICAL;ALINHAMENTO HORIZONTAL;ALINHAMENTO VERTICAL;OBRA DE ARTE;OBRAS NA PISTA;TIPO DA PISTA;TIPO DO PAVIMENTO;FAIXA PARA SENTIDO;CONDIÇÃO DA PISTA;CONDIÇÃO DA CALÇADA;SEPARAÇÃO CENTRAL
VPM7237;1;Guilherme Rocha;Não informado;Não informado;Não informado;Não informado;Não informado;Não informado;Não informado;Não informado;Não informado;Não informado;Não informado;Não informado
XGS9795;1;AV GAL OSORIO DE PAIVA;Não informado;Não informado;Não informado;Não informado;Não informado;Não informado;Não informado;Não informado;Não informado;Não informado;Não informado;Não informado
EDG7010;1;Gustavo Sampaio;;;;;;;;;;;;
EDG7010;2;Rua Conselheiro Alves;;;;;;;;;;;;
CWN6958;1;Beira Mar;;;;;;;;;;;;
FGU6091;1;Beira Mar;;;;;;;;;;;;
JJC2008;1;Beira Mar;;;;;;;;;;;;
ABD8408;1;Avenida Beira Mar;Não informado;Não informado;Não informado;Não informado;Não informado;Não informado;Não informado;Não informado;Não informado;Não informado;Não informado;Não informado
APK1532;1;Rua Tiradentes;;;;;;;;;;;;
TFY9923;1;Bernardo Manuel;;;;;;;;;;;;
DTQ1477;1;Beira Mar;;;;;;;;;;;;
BMI6304;1;Beira Mar;Não informado;Não informado;Não informado;Não informado;Não informado;Não informado;Não informado;Não informado;Não informado;Não informado;Não informado;Não informado
TIB7193;1;Avenida Contorno Sul Cj  Alto Alegre;Não informado;Não informado;Não informado;Não informado;Não informado;Não informado;Não informado;Não informado;Não informado;Não informado;Não informado;Não informado
LHL3568;1;Beira Mar;;;;;;;;;;;;
LHL3568;2;Avenida Rui Barbosa;;;;;;;;;;;;
IGA6534;1;Maestro Lisboa;Não informado;Não informado;Não informado;Não informado;Não informado;Não informado;Não informado;Não informado;Não informado;Não informado;Não informado;Não informado
YIR1442;1;Doutor Theberge -;;;;;;;;;;;;
DNA2634;1;Avenida Porto Velho;;;;;;;;;;;;
ZTO8796;1;Rua José Arão;Não informado;Não informado;Não informado;Não informado;Não informado;Não informado;Não informado;Não informado;Não informado;Não informado;Não informado;Não informado
THJ3186;1;Leste Oeste;;;;;;;;;;;;
BRE1227;1;Antonio Sales;;;;;;;;;;;;
BRE1227;2;Via Expressa;;;;;;;;;;;;
GGU1973;1;Jose Dantas Pereira;;;;;;;;;;;;
FHT0672;1;Avenida Major Assis;;;;;;;;;;;;
GZG6069;1;Antonio Sales N°3525;;;;;;;;;;;;
GZG6069;2;Em Baixo Do Viaduto Engenheiro Santana Junior;;;;;;;;;;;;
PLZ7217;1;Rua  Coronel  João De Oliveira;;;;;;;;;;;;
NDR3555;1;Beira Mar;Não informado;Não informado;Não informado;Não informado;Não informado;Não informado;Não informado;Não informado;Não informado;Não informado;Não informado;Não informado
NZB8953;1;Diogo Correia;;;;;;;;;;;;
KLI1239;1;Almirante Henrique Saboia -;;;;;;;;;;;;
NYR4444;1;Avenida Ministro José Américo;Não informado;Não informado;Não informado;Não informado;Não informado;Não informado;Não informado;Não informado;Não informado;Não informado;Não informado;Não informado
AEO0857;1;Presidente Castelo Branco;;;;;;;;;;;;
HAZ5679;1;Capitao Clovis Maia;;;;;;;;;;;;
DZA5302;1;Rua Custódio de Melo;Bom estado;Bom estado;Interseção;Plano;Não há;Não há;Simples;Asfalto;Duas;Boa;Boa;Não há
DZA5302;2;RUA PAULO SETUBAL;Bom estado;Bom estado;Interseção;Plano;Não há;Não há;Simples;Asfalto;Duas;Boa;Boa;Não há
UGM8086;1;Avenida Professor Jose Arthur De Carvalho;;;;;;;;;;;;
BSG3226;1;Avenida Presidente Costa E Silva;;;;;;;;;;;;
CBD1672;1;Pomplho Gomes;;;;;;;;;;;;
TTK4223;1;Arco Verde;;;;;;;;;;;;
PIX7687;1;J Loteamento Paraiso Verde;;;;;;;;;;;;
SNV2024;1;Almirante Jaceguari;;;;;;;;;;;;
ZXZ8260;1;Avenida Jose Jatahy;;;;;;;;;;;;
WIK4267;1;Tenente Lisboa;;;;;;;;;;;;
PSK6556;1;Expedicionario;;;;;;;;;;;;
NNQ9655;1;Julio Siqueira;Não informado;Não informado;Não informado;Não informado;Não informado;Não informado;Não informado;Não informado;Não informado;Não informado;Não informado;Não informado
SLP3800;1;Avenida Rui Barbosa;Bom estado;Bom estado;Reto;Plano;Não há;Não há;Simples;Asfalto;Duas;Boa;Boa;Pintura
SLP3800;2;RUA JULIO SIQUEIRA;Bom estado;Bom estado;Reto;Plano;Não há;Não há;Simples;Asfalto;Duas;Boa;Boa;Pintura
VJO1456;1;Rua Belem;;;;;;;;;;;;
VJO1456;2;Goiania;;;;;;;;;;;;
PDX8547;1;Rua Antonio Nery -;;;;;;;;;;;;
OPP3453;1;Av Do Contorno- Castelão;Não informado;Não informado;Não informado;Não informado;Não informado;Não informado;Não informado;Não informado;Não informado;Não informado;Não informado;Não informado
OZS4923;1;Waldir Diogo;Não informado;Não informado;Não informado;Não informado;Não informado;Não informado;Não informado;Não informado;Não informado;Não informado;Não informado;Não informado
TYC8249;1;Rua Isaie Boris;;;;;;;;;;;;
SIB8610;1;Jose Bastos;;;;;;;;;;;;
SIB8610;2;Rua Gomes Brasil;;;;;;;;;;;;
PWI1009;1;Presidente Costa E Silva - Upa Jose Walter;;;;;;;;;;;;
EDD8694;1;I;Não informado;Não informado;Não informado;Não informado;Não informado;Não informado;Não informado;Não informado;Não informado;Não informado;Não informado;Não informado
TCA5903;1;Rua Valparaiso;Não informado;Não informado;Não informado;Não informado;Não informado;Não informado;Não informado;Não informado;Não informado;Não informado;Não informado;Não informado
UAA0353;1;Rua Joao Vitorino Ribeiro;;;;;;;;;;;;
BHX5682;1;Senador Fernandes Tavora;;;;;;;;;;;;
ZWQ4332;1;Joao Sorongo;;;;;;;;;;;;
CLS5695;1;Lauro Vieira Chaves - Final Da Rua Da Saudade;Não informado;Não informado;Não informado;Não informado;Não informado;Não informado;Não informado;Não informado;Não informado;Não informado;Não informado;Não informado
PCI6191;1;Jose Teixeira Costa;Não informado;Não informado;Não informado;Não informado;Não informado;Não informado;Não informado;Não informado;Não informado;Não informado;Não informado;Não informado
AWD1340;1;C;Não informado;Não informado;Não informado;Não informado;Não informado;Não informado;Não informado;Não informado;Não informado;Não informado;Não informado;Não informado
IPW5616;1;Tristao Gonçalves;;;;;;;;;;;;
TSH1853;1;Coronel Virgilio Nogueira;;;;;;;;;;;;
GRR0728;1;Manoel Antonio Leite;;;;;;;;;;;;
QWT0567;1;Rua Pereira Filgueiras -;;;;;;;;;;;;
XOB8625;1;Rua Teodoro De Castro;;;;;;;;;;;;
GNO0712;1;Conego De Castro;;;;;;;;;;;;
GNO0712;2;Eduard Perdigao;;;;;;;;;;;;
YOP1148;1;CE 040;;;;;;;;;;;;
DVH6235;1;Guararema;;;;;;;;;;;;
DVH6235;2;Rua Bom Jesus;;;;;;;;;;;;
CCV3968;1;Presidente Costa E Silva;Não informado;Não informado;Não informado;Não informado;Não informado;Não informado;Não informado;Não informado;Não informado;Não informado;Não informado;Não informado
GZB3929;1;Avenida Benjamim Brasil;;;;;;;;;;;;
YMT3972;1;Domingos Olimpio;;;;;;;;;;;;
YMT3972;2;Rua Barao De Aratanha;;;;;;;;;;;;
MEF7100;1;Ana Gonçalves;;;;;;;;;;;;
CCX1309;1;Rua Eduardo Angelim;;;;;;;;;;;;
KLW7127;1;Osorio De Paiva;;;;;;;;;;;;
AIQ7987;1;Porto Velho;Não informado;Não informado;Não informado;Não informado;Não informado;Não informado;Não informado;Não informado;Não informado;Não informado;Não informado;Não informado
ITZ9755;1;Leste Oeste;;;;;;;;;;;;
UAR4861;1;Contorno Sul;Não informado;Não informado;Não informado;Não informado;Não informado;Não informado;Não informado;Não informado;Não informado;Não informado;Não informado;Não informado
EHZ6221;1;Washington Soares;;;;;;;;;;;;
NLY9430;1;C;Não informado;Não informado;Não informado;Não informado;Não informado;Não informado;Não informado;Não informado;Não informado;Não informado;Não informado;Não informado
WQH3435;1;Rua Demetrio Menezes;;;;;;;;;;;;
OPV1932;1;Geraldo Mendes;;;;;;;;;;;;
XWZ6161;1;Desembargador Moreira;;;;;;;;;;;;
JQW0523;1;Carapinima;;;;;;;;;;;;
UTW6642;1;Siqueira Campos;;;;;;;;;;;;
AXP0874;1;Avenida Rogaciano Leite;;;;;;;;;;;;
PEA7165;1;Leste Oeste;Não informado;Não informado;Não informado;Não informado;Não informado;Não informado;Não informado;Não informado;Não informado;Não informado;Não informado;Não informado
FON8874;1;Beira Mar;Não informado;Não informado;Não informado;Não informado;Não informado;Não informado;Não informado;Não informado;Não informado;Não informado;Não informado;Não informado
BZI3071;1;Alberto Craveiro;;;;;;;;;;;;
BZI3071;2;Paulino Rocha;;;;;;;;;;;;
CTR8192;1;Rincao;;;;;;;;;;;;
RPF9703;1;Rua Chica Da Silva;;;;;;;;;;;;
FYB7385;1;Av. Val Paraiso;;;;;;;;;;;;
BXW9999;1;Conego De Castro;;;;;;;;;;;;
UXQ6462;1;L;Não informado;Não informado;Não informado;Não informado;Não informado;Não informado;Não informado;Não informado;Não informado;Não informado;Não informado;Não informado
CSQ4449;1;BR 116;;;;;;;;;;;;
MUJ6567;1;Beira Mar;;;;;;;;;;;;
DGW7134;1;Rua Professor Solon Farias;;;;;;;;;;;;
OEE0127;1;Avenida Tenente Lisboa;;;;;;;;;;;;
SAL8662;1;Osorio De Paiva;;;;;;;;;;;;
KDJ8034;1;Beira Mar;;;;;;;;;;;;
KDJ8034;2;Av. Rui Barbosa;;;;;;;;;;;;
WBQ2217;1;Rua Nubia Barroca;;;;;;;;;;;;
OFW5955;1;Historiador Raimundo Girao;Não informado;Não informado;Não informado;Não informado;Não informado;Não informado;Não informado;Não informado;Não informado;Não informado;Não informado;Não informado
MSN1832;1;Joao Cordeiro;;;;;;;;;;;;
MSN1832;2;Av Historiador Raimundo Girao;;;;;;;;;;;;
QRJ5576;1;Bezerra De Menezes;;;;;;;;;;;;
UVX9518;1;Mister Hull;Não informado;Não informado;Não informado;Não informado;Não informado;Não informado;Não informado;Não informado;Não informado;Não informado;Não informado;Não informado
VYW4225;1;Rua Desembargador Lauro Nogueira;Não informado;Não informado;Não informado;Não informado;Não informado;Não informado;Não informado;Não informado;Não informado;Não informado;Não informado;Não informado
WLI2042;1;Rua Ouro Branco;;;;;;;;;;;;
WUA0118;1;Avenida Padre Antonio Tomas;;;;;;;;;;;;
HED3671;1;Godofredo Maciel;;;;;;;;;;;;
LGU0140;1;C (Cj Prefeito Jose Walter);;;;;;;;;;;;
UOB6559;1;Avenida Univessidade;;;;;;;;;;;;
IXF8202;1;Avenida Washington Soares;;;;;;;;;;;;
WVK3769;1;Bezerra De Menezes;;;;;;;;;;;;
XNJ9960;1;Bernardo Manuel;;;;;;;;;;;;
LWT0931;1;Porto Franco;;;;;;;;;;;;
MCT8992;1;Rua Padre Ascenço Gago;Não informado;Não informado;Não informado;Não informado;Não informado;Não informado;Não informado;Asfalto;Não informado;Não informado;Não informado;Não informado
LXK2363;1;Castelo De Castro;;;;;;;;;;;;
GJC7654;1;Avenida Governador Raul Barbosa;;;;;;;;;;;;
KEI8646;1;Professor Moreira De Sousa;;;;;;;;;;;;
AVM8446;1;Cesar Fonseca;Não informado;Não informado;Não informado;Não informado;Não informado;Não informado;Não informado;Não informado;Não informado;Não informado;Não informado;Não informado
SSZ3672;1;BR-116;Não informado;Não informado;Não informado;Não informado;Não informado;Não informado;Múltipla;Asfalto;Mais de três;Não informado;Não informado;Não informado
BBF4246;1;Avenida Presidente Costa E Silva;;;;;;;;;;;;
RYH2347;1;Av. Conego De Castro;;;;;;;;;;;;
SBQ4262;1;Rua Eurico Medina;;;;;;;;;;;;
VHA8633;1;Carlos Vasconcelos;;;;;;;;;;;;
DYH4852;1;Geraldo Barbosa;;;;;;;;;;;;
RCY1439;1;Tereza Cristina;;;;;;;;;;;;
DIN2503;1;Presidente Castelo Branco;Não informado;Não informado;Não informado;Não informado;Não informado;Não informado;Não informado;Não informado;Não informado;Não informado;Não informado;Não informado
TYY0456;1;Rua A Residencial Bandeirante;Não informado;Não informado;Não informado;Não informado;Não informado;Não informado;Não informado;Não informado;Não informado;Não informado;Não informado;Não informado
PYM9914;1;Leste Oeste;;;;;;;;;;;;
DYM5727;1;J-  Segunda Etapa;Não informado;Não informado;Não informado;Não informado;Não informado;Não informado;Não informado;Não informado;Não informado;Não informado;Não informado;Não informado
YON7932;1;Barra Nova - Tancredo Neves;Não informado;Não informado;Não informado;Não informado;Não informado;Não informado;Não informado;Não informado;Não informado;Não informado;Não informado;Não informado
KDL4897;1;Beira Mar;Não informado;Não informado;Não informado;Não informado;Não informado;Não informado;Não informado;Não informado;Não informado;Não informado;Não informado;Não informado
QEU6814;1;Sargento Joao Pinheiro;Não informado;Não informado;Não informado;Não informado;Não informado;Não informado;Não informado;Não informado;Não informado;Não informado;Não informado;Não informado
OPE4964;1;Bezzera De Menezes;Não informado;Não informado;Não informado;Não informado;Não informado;Não informado;Não informado;Não informado;Não informado;Não informado;Não informado;Não informado
XGD1320;1;Tenente Wilson;;;;;;;;;;;;
XGD1320;2;Aspirante Mendes;;;;;;;;;;;;
INX2632;1;Bezerra De Meneses;;;;;;;;;;;;
JEJ1355;1;Sao Francisco - Conj Esperança 3;Não informado;Não informado;Não informado;Não informado;Não informado;Não informado;Não informado;Não informado;Não informado;Não informado;Não informado;Não informado
MKY2198;1;Sargento Herminio;Não informado;Não informado;Não informado;Não informado;Não informado;Não informado;Não informado;Não informado;Não informado;Não informado;Não informado;Não informado
CJS4326;1;CE 040;;;;;;;;;;;;
AWI6557;1;Avenida Washington Soares;Não informado;Não informado;Não informado;Não informado;Não informado;Não informado;Não informado;Não informado;Não informado;Não informado;Não informado;Não informado
JCZ9586;1;Maranhao;;;;;;;;;;;;
JTO9690;1;Beira Mar;;;;;;;;;;;;
EMZ7512;1;101;Não informado;Não informado;Não informado;Não informado;Não informado;Não informado;Não informado;Não informado;Não informado;Não informado;Não informado;Não informado
FUA5797;1;Terminal Do Conjunto Ceará;;;;;;;;;;;;
RAC9873;1;860);Não informado;Não informado;Não informado;Não informado;Não informado;Não informado;Não informado;Não informado;Não informado;Não informado;Não informado;Não informado
QPJ1466;1;RUA TIBURCIO FROTA;Bom estado;Bom estado;Reto;Plano;Não há;Não há;Simples;Asfalto;Uma;Boa;Boa;Pintura
QPJ1466;2;RUA NUNES VALENTE;Bom estado;Bom estado;Reto;Rampa descendente;Não há;Não há;Simples;Asfalto;Uma;Boa;Boa;Tachão/tartaruga
IXD9371;1;Avenida Beira Mar;Não informado;Não informado;Não informado;Não informado;Não informado;Não informado;Não informado;Não informado;Não informado;Não informado;Não informado;Não informado
UBY5677;1;Avenida Desembargador Gonzaga;Não informado;Não informado;Não informado;Não informado;Não informado;Não informado;Não informado;Não informado;Não informado;Não informado;Não informado;Não informado
IBK5120;1;Raul Barborsa;;;;;;;;;;;;
LSS4737;1;Av.Godofredo Marciel;Não informado;Não informado;Não informado;Não informado;Não informado;Não informado;Não informado;Não informado;Não informado;Não informado;Não informado;Não informado
LXN0882;1;Professor Jose Arthur De Carvalho;;;;;;;;;;;;
OCX9980;1;Bezerra De Meneses;;;;;;;;;;;;
OGT5827;1;RUA ESPIRITO SANTO;Não há;Bom estado;Reto;Plano;Não há;Não há;Dupla;Asfalto;Uma;Boa;Boa;Não há
OGT5827;2;RUA PARA;Bom estado;Bom estado;Reto;Plano;Não há;Não há;Dupla;Asfalto;Uma;Boa;Boa;Pintura
TTY4593;1;Para;;;;;;;;;;;;
TTY4593;2;Espirito Santo;;;;;;;;;;;;
SHG3000;1;Placido Castelo;;;;;;;;;;;;
GII8180;1;Miguel Gurgel;Não informado;Não informado;Não informado;Não informado;Não informado;Não informado;Não informado;Não informado;Não informado;Não informado;Não informado;Não informado
EKF3762;1;Sao Leopoldo [ Santa Fe ];Não informado;Não informado;Não informado;Não informado;Não informado;Não informado;Não informado;Não informado;Não informado;Não informado;Não informado;Não informado
ZHL8087;1;Beira Mar;Não informado;Não informado;Não informado;Não informado;Não informado;Não informado;Não informado;Não informado;Não informado;Não informado;Não informado;Não informado
HFI2220;1;Dom Lustosa;;;;;;;;;;;;
WKH8617;1;Beira Mar;Não informado;Não informado;Não informado;Não informado;Não informado;Não informado;Não informado;Não informado;Não informado;Não informado;Não informado;Não informado
SDR0638;1;Rua Muritiapua;;;;;;;;;;;;
JMW6660;1;Rua Conego De Castro;;;;;;;;;;;;
JMW6660;2;Cardoso De Barros;;;;;;;;;;;;
ACQ4637;1;Avenida Osorio De Paiva;;;;;;;;;;;;
VGX2025;1;Rua Professor Costa Mendes;Não há;Bom estado;Interseção;Plano;Não informado;Não informado;Simples;Asfalto;Não informado;Boa;Não informado;Não há
VGX2025;2;Rua Edite Braga;Bom estado;Bom estado;Interseção;Plano;Não informado;Não informado;Simples;Asfalto;Não informado;Boa;Não informado;Não há
ZBM3253;1;Julio Silva;;;;;;;;;;;;
VXO9284;1;Avenida Duque De Caxias;;;;;;;;;;;;
FRE9140;1;Aracati;;;;;;;;;;;;
QGZ1621;1;Presidente Costa E Silva;;;;;;;;;;;;
QGZ1621;2;Av. Godofredo Maciel;;;;;;;;;;;;
OGA3942;1;Miguel Gurgel;Não informado;Não informado;Não informado;Não informado;Não informado;Não informado;Não informado;Não informado;Não informado;Não informado;Não informado;Não informado
RNM7501;1;BR 116 KM 7;;;;;;;;;;;;
APB2464;1;Tupi;;;;;;;;;;;;
PWG5637;1;Olimpio Leite;;;;;;;;;;;;
NSW2840;1;Domingos Olimpio;;;;;;;;;;;;
MCD1076;1;Professor  Heraclito;;;;;;;;;;;;
RSH2401;1;Mister Hull;Não informado;Não informado;Não informado;Não informado;Não informado;Não informado;Não informado;Não informado;Não informado;Não informado;Não informado;Não informado
QFP3299;1;Cidade Rio Branco;Não informado;Não informado;Não informado;Não informado;Não informado;Não informado;Não informado;Não informado;Não informado;Não informado;Não informado;Não informado
JYM3483;1;Julio Silva;;;;;;;;;;;;
PCM5175;1;Emilio De Menezes;;;;;;;;;;;;
EGG7566;1;Av. Rui Barbosa;;;;;;;;;;;;
EGG7566;2;Barbara De Alencar;;;;;;;;;;;;
UFB5342;1;Doutor Theberge;;;;;;;;;;;;
UFB5342;2;Avenida Francisco Sa;;;;;;;;;;;;
JRP4009;1;Olegario Memoria;;;;;;;;;;;;
DXA4805;1;A;Não informado;Não informado;Não informado;Não informado;Não informado;Não informado;Não informado;Não informado;Não informado;Não informado;Não informado;Não informado
JYJ5790;1;Rua Rio Grande Do Sul;;;;;;;;;;;;
JYJ5790;2;Paraiba;;;;;;;;;;;;
XEE5284;1;General Osorio Ide Paiva;;;;;;;;;;;;
ASK6124;1;Rua Coronel Matos Dourado;;;;;;;;;;;;
EWR1622;1;Bernardo Manuel;;;;;;;;;;;;
PYE0008;1;Deputado Paulino Rocha [Cond. Morada Dos Bosques];;;;;;;;;;;;
GLY6927;1;Barao Do Rio Branco;Não informado;Não informado;Não informado;Não informado;Não informado;Não informado;Não informado;Não informado;Não informado;Não informado;Não informado;Não informado
ARM0426;1;Rua Francisco Matias- Casa 10;Não informado;Não informado;Não informado;Não informado;Não informado;Não informado;Não informado;Não informado;Não informado;Não informado;Não informado;Não informado
FXJ6909;1;Barao Do Rio Branco;;;;;;;;;;;;
ANM9603;1;Conego  De  Castro;;;;;;;;;;;;
ZYU7659;1;L;Não informado;Não informado;Não informado;Não informado;Não informado;Não informado;Não informado;Não informado;Não informado;Não informado;Não informado;Não informado
CPR2866;1;Avenida Val Paraíso;Visibilidade ruim;Visibilidade ruim;Curvo;Plano;Não informado;Não informado;Dupla;Asfalto;Não informado;Boa;Não informado;Canteiro elevado
TLR6783;1;Rua Jose Avelino;;;;;;;;;;;;
ANJ7416;1;Humberto Monte;Não informado;Não informado;Não informado;Não informado;Não informado;Não informado;Não informado;Não informado;Não informado;Não informado;Não informado;Não informado
TEZ6158;1;Maestro Lisboa;;;;;;;;;;;;
RMC3706;1;Avenida Jose Jatahy;;;;;;;;;;;;
ZVV7788;1;Rua Júlio Braga;Bom estado;Bom estado;Reto;Plano;Não informado;Não há;Dupla;Asfalto;Uma;Boa;Boa;Pintura
EZP2019;1;Rua Dom Jerônimo;Bom estado;Bom estado;Reto;Plano;Não há;Não há;Não informado;Asfalto;Duas;Boa;Boa;Não há
EZP2019;2;AV DOMINGOS OLIMPIO;Bom estado;Bom estado;Reto;Plano;Não há;Não há;Simples;Asfalto;Duas;Boa;Boa;Não há
VKI1319;1;Presidente Costa E Silva;Não informado;Não informado;Não informado;Não informado;Não informado;Não informado;Não informado;Não informado;Não informado;Não informado;Não informado;Não informado
ZVX4466;1;Monsenhor Sabino Feijão;;;;;;;;;;;;
WRA3576;1;Avenida Lineu Machado;;;;;;;;;;;;
VGS5663;1;Rua Professor Jacinto Botelho;;;;;;;;;;;;
EEP2545;1;428;;;;;;;;;;;;
SNX9807;1;RUA ROMEU MARTINS;Bom estado;Bom estado;Não informado;Plano;Não há;Não há;Simples;Asfalto;Uma;Boa;Boa;Não há
SNX9807;2;RUA EUZEBIO DE QUEIROS;Não informado;Não informado;Não informado;Plano;Não há;Não há;Simples;Asfalto;Uma;Boa;Boa;Não há
YSS7364;1;Dona Lucia Pinheiro;;;;;;;;;;;;
CTC5461;1;Rua Alfredo Mamede;;;;;;;;;;;;
AJF4274;1;Senador Fernandes Tavora;;;;;;;;;;;;
YFR4691;1;1044;;;;;;;;;;;;
FGP1837;1;Senador Carlos Jereissati;Não informado;Não informado;Não informado;Não informado;Não informado;Não informado;Não informado;Não informado;Não informado;Não informado;Não informado;Não informado
IGC1481;1;Rua Rio Grande Do Norte;;;;;;;;;;;;
IGC1481;2;Americo Barreira;;;;;;;;;;;;
NQG7268;1;Urucutuba;;;;;;;;;;;;
HDA5240;1;Sargento Joao Pinheiro;Não informado;Não informado;Não informado;Não informado;Não informado;Não informado;Não informado;Não informado;Não informado;Não informado;Não informado;Não informado
RCP5519;1;BR 116 KM 13;;;;;;;;;;;;
ATB2348;1;Washington Soares;;;;;;;;;;;;
JWF7829;1;856;Não informado;Não informado;Não informado;Não informado;Não informado;Não informado;Não informado;Não informado;Não informado;Não informado;Não informado;Não informado
AAL6926;1;Lauro Nogueira Esq.;;;;;;;;;;;;
AAL6926;2;Rua Drº Batista De Oliveira;;;;;;;;;;;;
IHN0084;1;Rua Itatiaia;Não informado;Não informado;Não informado;Não informado;Não informado;Não informado;Não informado;Não informado;Não informado;Não informado;Não informado;Não informado
HBX8226;1;Miguel Gurgel;Não informado;Não informado;Não informado;Não informado;Não informado;Não informado;Não informado;Não informado;Não informado;Não informado;Não informado;Não informado
RBY8436;1;Antonino De Castro;;;;;;;;;;;;
RBY8436;2;Rua Chico Lemos;;;;;;;;;;;;
MLF6504;1;Eduardo Salgado;;;;;;;;;;;;
MLF6504;2;Carlos Vasconcelos;;;;;;;;;;;;
YKZ3186;1;Avenida Washington Soares;Não informado;Não informado;Não informado;Não informado;Não informado;Não informado;Dupla;Asfalto;Três;Não informado;Não informado;Não informado
OWE8337;1;Whashington Soares;;;;;;;;;;;;
WBD1711;1;Fernandes Benevides;;;;;;;;;;;;
IBA8900;1;Beira Mar  Esquina;;;;;;;;;;;;
IBA8900;2;Ru Joao Cordeiro;;;;;;;;;;;;
IPC8919;1;Avenida Val Paraíso;Não informado;Não informado;Não informado;Não informado;Não informado;Não informado;Não informado;Asfalto;Não informado;Não informado;Não informado;Não informado
OYB6850;1;Paulino Rocha;;;;;;;;;;;;
PNJ9797;1;A C\ Rua 731;Não informado;Não informado;Não informado;Não informado;Não informado;Não informado;Não informado;Não informado;Não informado;Não informado;Não informado;Não informado
SSA0664;1;Avenida Santos Dumont;;;;;;;;;;;;
JAD2857;1;Leon Gradvol;;;;;;;;;;;;
KAY3627;1;Padre Rodolfo;;;;;;;;;;;;
VEC7701;1;Monsenhor Bruno;;;;;;;;;;;;
RDT3711;1;Osorio De Paiva;;;;;;;;;;;;
MNH5885;1;Rua Fausto Cabral;;;;;;;;;;;;
TUV9622;1;Nicolau Coelho;;;;;;;;;;;;
GVR0427;1;Washington Soares;Não informado;Não informado;Não informado;Não informado;Não informado;Não informado;Não informado;Não informado;Não informado;Não informado;Não informado;Não informado
INW6342;1;Av. Val Paraiso;;;;;;;;;;;;
INW6342;2;Conj. Sitio Sao Joao;;;;;;;;;;;;
HBG4231;1;Conselheiro Lafaiete;Não informado;Não informado;Não informado;Não informado;Não informado;Não informado;Não informado;Não informado;Não informado;Não informado;Não informado;Não informado
XBX1584;1;Maestro Lisboa;;;;;;;;;;;;
XBX1584;2;Avenida Odilon Guimaraes  [];;;;;;;;;;;;
KRB8491;1;Vital Brasil;;;;;;;;;;;;
IFF1338;1;Contorno;;;;;;;;;;;;
ROT8601;1;Fernanda Barbara De Alencar;;;;;;;;;;;;
JHX8382;1;Avenida Joao Pessoa;;;;;;;;;;;;
LKG2421;1;Beira Mar;;;;;;;;;;;;
FWK0192;1;Rua Alameda Das Mrgueridas - Quadra 21;Não informado;Não informado;Não informado;Não informado;Não informado;Não informado;Não informado;Não informado;Não informado;Não informado;Não informado;Não informado
HZW2172;1;Beira Mar;Não informado;Não informado;Não informado;Não informado;Não informado;Não informado;Não informado;Não informado;Não informado;Não informado;Não informado;Não informado
CHD1624;1;RUA SILVIA JATAHY;Não informado;Não informado;Não informado;Não informado;Não informado;Não informado;Não informado;Não informado;Não informado;Não informado;Não informado;Não informado
CHD1624;2;RUA NUNES VALENTE;Não informado;Não informado;Não informado;Não informado;Não informado;Não informado;Não informado;Não informado;Não informado;Não informado;Não informado;Não informado
TGQ7382;1;Sao Lazaro;;;;;;;;;;;;
BPF3161;1;Desembargador Gonzaga;;;;;;;;;;;;
YVC1768;1;Avenida Godofredo Maciel;;;;;;;;;;;;
UKU0175;1;Avenida Godofredo Maciel;Não informado;Não informado;Não informado;Não informado;Não informado;Não informado;Não informado;Não informado;Não informado;Não informado;Não informado;Não informado
DWC2332;1;Osorio De Piava;;;;;;;;;;;;
CEB9069;1;Osorio De Paiva;Não informado;Não informado;Não informado;Não informado;Não informado;Não informado;Não informado;Não informado;Não informado;Não informado;Não informado;Não informado
IHB0578;1;Nogueira Acioli;;;;;;;;;;;;
OEF9253;1;General Sampaio;;;;;;;;;;;;
RFC7434;1;Travessa Da Graviola;;;;;;;;;;;;
LHN0249;1;Rio Claro;Não informado;Não informado;Não informado;Não informado;Não informado;Não informado;Não informado;Não informado;Não informado;Não informado;Não informado;Não informado
LHN0249;2;Engenheiro Santana Junior;Não informado;Não informado;Não informado;Não informado;Não informado;Não informado;Não informado;Não informado;Não informado;Não informado;Não informado;Não informado
ALP8325;1;Rua Irma Bazet;;;;;;;;;;;;
RYX7721;1;Rua Vicente De Castro;Não informado;Não informado;Não informado;Não informado;Não informado;Não informado;Não informado;Não informado;Não informado;Não informado;Não informado;Não informado
SNE2747;1;Rua Coronel Alexandrino;;;;;;;;;;;;
SNE2747;2;Rua Isaias Boris;;;;;;;;;;;;
ZYO6645;1;Osorio De Paiva;;;;;;;;;;;;
SAS7763;1;Av Joao Pessoa;Não informado;Não informado;Não informado;Não informado;Não informado;Não informado;Não informado;Não informado;Não informado;Não informado;Não informado;Não informado
SAS7763;2;Costa Prof. Costa Mendes;Não informado;Não informado;Não informado;Não informado;Não informado;Não informado;Não informado;Não informado;Não informado;Não informado;Não informado;Não informado
UOY0682;1;Urucutuba;;;;;;;;;;;;
NQG3795;1;Avenida Pessoa Anta;Não informado;Não informado;Não informado;Não informado;Não informado;Não informado;Não informado;Não informado;Não informado;Não informado;Não informado;Não informado
PRN6430;1;G - Cidade Jardim Ii;;;;;;;;;;;;
OZF5645;1;Almirante Barroso;;;;;;;;;;;;
CKT2182;1;Equador;;;;;;;;;;;;
CBL9029;1;Godofredo Maciel;Não informado;Não informado;Não informado;Não informado;Não informado;Não informado;Não informado;Não informado;Não informado;Não informado;Não informado;Não informado
ULI6118;1;Leste Oeste;;;;;;;;;;;;
KNY1687;1;Upa Jangurussu;;;;;;;;;;;;
OMN2485;1;64  - Casa >> 71-A;Não informado;Não informado;Não informado;Não informado;Não informado;Não informado;Não informado;Não informado;Não informado;Não informado;Não informado;Não informado
IZB6430;1;Oscar  Araripe;;;;;;;;;;;;
BUZ6514;1;Avenida Beira Mar;Não informado;Não informado;Não informado;Não informado;Não informado;Não informado;Não informado;Não informado;Não informado;Não informado;Não informado;Não informado
TGC6388;1;Avenida Borges de Melo;Bom estado;Bom estado;Reto;Plano;Não há;Não há;Dupla;Asfalto;Três;Boa;Boa;Canteiro elevado
UMJ2793;1;Sargento Joao Pinheiro;Não informado;Não informado;Não informado;Não informado;Não informado;Não informado;Não informado;Não informado;Não informado;Não informado;Não informado;Não informado
XLE2499;1;Rua Professor José Silveira;Não informado;Não informado;Não informado;Não informado;Não informado;Não informado;Não informado;Asfalto;Não informado;Não informado;Não informado;Não informado
XLE2499;2;RUA PEDRO SAMPAIO;Não informado;Não informado;Não informado;Não informado;Não informado;Não informado;Não informado;Asfalto;Não informado;Não informado;Não informado;Não informado
HEF6439;1;R. Dr. Pedro Sampaio;Não há;Não há;Reto;Plano;Não informado;Não informado;Dupla;Asfalto;Não informado;Buracos;Não informado;Não há
HEF6439;2;Rua Professor José Silveira;Condição ruim;Não há;Interseção;Plano;Não informado;Não informado;Dupla;Asfalto;Não informado;Buracos;Não informado;Não há
FVU7365;1;Pedro Sampaio;;;;;;;;;;;;
FVU7365;2;R. Professor Silveira-Castelao;;;;;;;;;;;;
CBJ7059;1;Tupipa;;;;;;;;;;;;
IYW1368;1;Contorno;Não informado;Não informado;Não informado;Não informado;Não informado;Não informado;Não informado;Não informado;Não informado;Não informado;Não informado;Não informado
DZQ8797;1;Julio Silva;;;;;;;;;;;;
VIO8244;1;Alencar De Oliveira;;;;;;;;;;;;
AUG5120;1;Miguel Gurgel;Não informado;Não informado;Não informado;Não informado;Não informado;Não informado;Não informado;Não informado;Não informado;Não informado;Não informado;Não informado
UCW9736;1;Avenida Doutor Mendel Steinbruch;Não informado;Não informado;Não informado;Não informado;Não informado;Não informado;Não informado;Asfalto;Não informado;Não informado;Não informado;Não informado
MTG7407;1;Humberto Monte;Não informado;Não informado;Não informado;Não informado;Não informado;Não informado;Não informado;Não informado;Não informado;Não informado;Não informado;Não informado
WSB5967;1;BR 116;;;;;;;;;;;;
ZPB7783;1;Leste Oeste;;;;;;;;;;;;
YHY2988;1;Porto Velho;;;;;;;;;;;;
RYH6085;1;Rua Viriato Ribeiro;;;;;;;;;;;;
DHO2739;1;Avenida Beira Mar;;;;;;;;;;;;
YEC0514;1;Independencia;;;;;;;;;;;;
EIZ6605;1;Bom Jesus;;;;;;;;;;;;
NKX5252;1;Contorno Sul;Não informado;Não informado;Não informado;Não informado;Não informado;Não informado;Não informado;Não informado;Não informado;Não informado;Não informado;Não informado
VTM1431;1;Jose Dantas Pereira;;;;;;;;;;;;
MZB3986;1;Rua Americo Vespucio;;;;;;;;;;;;
LST7815;1;Julio Silva;;;;;;;;;;;;
NXN1845;1;Avenida Washington Soares;;;;;;;;;;;;
IFO7200;1;Avenida Beira Mar;;;;;;;;;;;;
YKQ5823;1;Senador Carlos Jereissati;Não informado;Não informado;Não informado;Não informado;Não informado;Não informado;Não informado;Não informado;Não informado;Não informado;Não informado;Não informado
EER1496;1;Beira Mar;Não informado;Não informado;Não informado;Não informado;Não informado;Não informado;Não informado;Não informado;Não informado;Não informado;Não informado;Não informado
SXN2753;1;Rua Emiliano De Almeida Braga (Cj Hab Novo Barroso);;;;;;;;;;;;
SPQ5350;1;Tenente Lisboa;;;;;;;;;;;;
XAP8900;1;Francisco Sa;Não informado;Não informado;Não informado;Não informado;Não informado;Não informado;Não informado;Não informado;Não informado;Não informado;Não informado;Não informado
XDI6606;1;Coronel Joao De Oliveira;;;;;;;;;;;;
HJY0193;1;Rua 3;Não informado;Não informado;Não informado;Não informado;Não informado;Não informado;Não informado;Não informado;Não informado;Não informado;Não informado;Não informado
NAQ3591;1;Godofredo Marciel;;;;;;;;;;;;
JKE3824;1;Virgilio Nogueira;;;;;;;;;;;;
MQB6506;1;Coronel De Carvalho;;;;;;;;;;;;
RZQ2891;1;General Osorio De Paiva;;;;;;;;;;;;
SIB6175;1;Alberto Craveiro [];Não informado;Não informado;Não informado;Não informado;Não informado;Não informado;Não informado;Não informado;Não informado;Não informado;Não informado;Não informado
RRX6292;1;Rua General Onofre;;;;;;;;;;;;
AQX0506;1;Guarani;;;;;;;;;;;;
AQX0506;2;Rua Capitao Theogenes Gondim;;;;;;;;;;;;
EXX2225;1;Rua Coronel De Queiroz;;;;;;;;;;;;
EXX2225;2;Bernardo Manuel;;;;;;;;;;;;
XUX6869;1;General Osorio De Paiva;;;;;;;;;;;;
DGB4171;1;Avenida Costa Mendes;;;;;;;;;;;;
USI5012;1;Engenheiro Santana Junior;Não informado;Não informado;Não informado;Não informado;Não informado;Não informado;Não informado;Não informado;Não informado;Não informado;Não informado;Não informado
QNJ9649;1;Odilon Guimaraes;;;;;;;;;;;;
RBZ6378;1;Jose Dantas Pereira;Não informado;Não informado;Não informado;Não informado;Não informado;Não informado;Não informado;Não informado;Não informado;Não informado;Não informado;Não informado
AOJ6973;1;Oaorio De Paiva;;;;;;;;;;;;
HTF8063;1;Alberto Monteiro  - Caça E Pesca;;;;;;;;;;;;
NMM5644;1;Avenida Perimetral;;;;;;;;;;;;
NMM5644;2;Avenida I;;;;;;;;;;;;
MAR2749;1;Pereira Valente Esq. Av. Desembargador Moreira;Não informado;Não informado;Não informado;Não informado;Não informado;Não informado;Não informado;Não informado;Não informado;Não informado;Não informado;Não informado
OOM1549;1;Sargento Pinheiro;Não informado;Não informado;Não informado;Não informado;Não informado;Não informado;Não informado;Não informado;Não informado;Não informado;Não informado;Não informado
AEN9971;1;Whashington Soares;;;;;;;;;;;;
INY7012;1;Washington Soares;;;;;;;;;;;;
HIV2238;1;Rua Do Coqueiro;;;;;;;;;;;;
KCT2884;1;Rua Tulipa;;;;;;;;;;;;
HXO6416;1;Maximiano Da Fonseca;Não informado;Não informado;Não informado;Não informado;Não informado;Não informado;Não informado;Não informado;Não informado;Não informado;Não informado;Não informado
IDV1424;1;Manuel Dias Branco;;;;;;;;;;;;
HPY3969;1;"Avenida ""C""  -  Bairro Aracapé";Não informado;Não informado;Não informado;Não informado;Não informado;Não informado;Não informado;Não informado;Não informado;Não informado;Não informado;Não informado
XEE6723;1;Avenida Beira Mar;Não informado;Não informado;Não informado;Não informado;Não informado;Não informado;Não informado;Não informado;Não informado;Não informado;Não informado;Não informado
KXY7242;1;Jornalista Tomas Coelho;Não informado;Não informado;Não informado;Não informado;Não informado;Não informado;Não informado;Não informado;Não informado;Não informado;Não informado;Não informado
UUG3939;1;Rua Egídio De Oliveira;Condição ruim;Não há;Reto;Plano;Não informado;Não informado;Simples;Asfalto;Não informado;Buracos;Não informado;Pintura
UQG7326;1;Rua Placido De Castro;;;;;;;;;;;;
QSE3637;1;Conego De Castro;;;;;;;;;;;;
KXQ0857;1;Beira  Mar;;;;;;;;;;;;
LGM4660;1;Joao Brigido;;;;;;;;;;;;
LGM4660;2;Rua Dona Leopoldina;;;;;;;;;;;;
HYP7520;1;Timbauba;;;;;;;;;;;;
AYA4468;1;Imperador;;;;;;;;;;;;
NUA9954;1;Rua Silvinha Teles;;;;;;;;;;;;
NUA9954;2;& Rua Canguru;;;;;;;;;;;;
LXZ3274;1;Rua P;;;;;;;;;;;;
BSF4021;1;Rua Paraiba;;;;;;;;;;;;
ODV3369;1;Rua Antonio Arruda;;;;;;;;;;;;
GNO4235;1;BR 116 KM ?;;;;;;;;;;;;
LVT0341;1;Rua Doutor Joaquim Frota;;;;;;;;;;;;
AGZ5709;1;C;Não informado;Não informado;Não informado;Não informado;Não informado;Não informado;Não informado;Não informado;Não informado;Não informado;Não informado;Não informado
HBR0696;1;Beira Mar;;;;;;;;;;;;
HBR0696;2;Barão De Studart;;;;;;;;;;;;
DIB6623;1;Castelo De Castro;Não informado;Não informado;Não informado;Não informado;Não informado;Não informado;Não informado;Não informado;Não informado;Não informado;Não informado;Não informado
WVI1663;1;Rua Eduardo Perdigão;Condição ruim;Bom estado;Interseção;Plano;Não informado;Não informado;Simples;Asfalto;Não informado;Boa;Não informado;Não há
WVI1663;2;Rua Germano Franck;Condição ruim;Bom estado;Interseção;Plano;Não informado;Não informado;Simples;Asfalto;Não informado;Boa;Não informado;Não há
ZTA6877;1;Rua Germano Franck;Não informado;Não informado;Não informado;Não informado;Não informado;Não informado;Não informado;Não informado;Não informado;Não informado;Não informado;Não informado
ZTA6877;2;RUA EDUARDO PERDIGAO;Não informado;Não informado;Não informado;Não informado;Não informado;Não informado;Não informado;Não informado;Não informado;Não informado;Não informado;Não informado
NXN5410;1;Carlos Vasconcelos;;;;;;;;;;;;
YFK6513;1;Domingos Olimpio;;;;;;;;;;;;
TVO7551;1;Sousa Carvalho;;;;;;;;;;;;
TVO7551;2;Rua Das Acacias;;;;;;;;;;;;
MBB2312;1;Avenida Alberto Craveiro;;;;;;;;;;;;
PLZ0205;1;Avenida Filomeno Gomes;;;;;;;;;;;;
HUM8410;1;Silvia Pault;Não informado;Não informado;Não informado;Não informado;Não informado;Não informado;Não informado;Não informado;Não informado;Não informado;Não informado;Não informado
AZR3037;1;Padre Pedro De Alencar;Não informado;Não informado;Não informado;Não informado;Não informado;Não informado;Não informado;Não informado;Não informado;Não informado;Não informado;Não informado
EHY0604;1;Edilson Barros De Oliveira;Não informado;Não informado;Não informado;Não informado;Não informado;Não informado;Não informado;Não informado;Não informado;Não informado;Não informado;Não informado
HHI1203;1;Conego De Castroa;;;;;;;;;;;;
PDW1845;1;Rua Tres De Maio;;;;;;;;;;;;
NNP1448;1;Avenida Almirante Henrique Sabóia;Bom estado;Bom estado;Reto;Plano;Não informado;Não informado;Dupla;Asfalto;Não informado;Boa;Não informado;Pintura
NNP1448;2;Rua Doutor José Augusto Ribeiro;Bom estado;Bom estado;Interseção;Rampa ascendente;Não informado;Não informado;Dupla;Asfalto;Não informado;Boa;Não informado;Não há
YHM2227;1;Via Expressa;Não informado;Não informado;Não informado;Não informado;Não informado;Não informado;Não informado;Não informado;Não informado;Não informado;Não informado;Não informado
OPM8675;1;Avenida Almirante Henrique Saboia - Augusto Ribeiro;Não informado;Não informado;Não informado;Não informado;Não informado;Não informado;Não informado;Não informado;Não informado;Não informado;Não informado;Não informado
PBV0237;1;Major Assis;;;;;;;;;;;;
DEQ9909;1;Avenida Heráclito Graça;Bom estado;Bom estado;Reto;Plano;Não há;Não há;Dupla;Asfalto;Mais de três;Boa;Boa;Canteiro elevado
DEQ9909;2;RUA DNA LEOPOLDINA;Bom estado;Bom estado;Reto;Plano;Não há;Não há;Simples;Asfalto;Duas;Boa;Boa;Não há
SGY7148;1;Taquari;;;;;;;;;;;;
YQC5909;1;Beira Mar - No Aterrinho;;;;;;;;;;;;
CDE1057;1;Beira Mar;Não informado;Não informado;Não informado;Não informado;Não informado;Não informado;Não informado;Não informado;Não informado;Não informado;Não informado;Não informado
FVU7284;1;Franco  Rocha;Não informado;Não informado;Não informado;Não informado;Não informado;Não informado;Não informado;Não informado;Não informado;Não informado;Não informado;Não informado
RQU3248;1;Rua Capitao Vasconcelos;;;;;;;;;;;;
LDQ0559;1;24 De Maio;;;;;;;;;;;;
ICX2453;1;BR 116 KM 4;;;;;;;;;;;;
KCV9274;1;Rua Juraci Magalhaes;;;;;;;;;;;;
YMH5535;1;Bragança;;;;;;;;;;;;
ISL9809;1;Rua Professor Miramar Da Ponte;Não informado;Não informado;Não informado;Não informado;Não informado;Não informado;Não informado;Não informado;Não informado;Não informado;Não informado;Não informado
KYH7210;1;Avenida Pasteur;Não informado;Não informado;Não informado;Não informado;Não informado;Não informado;Não informado;Não informado;Não informado;Não informado;Não informado;Não informado
AQX8830;1;Barao De Sudart;;;;;;;;;;;;
PAI0749;1;Avenida Ministro Albuquerque Lima;;;;;;;;;;;;
NVS2354;1;Rua Professor Manoel Lourenço;Não informado;Não informado;Não informado;Não informado;Não informado;Não informado;Não informado;Não informado;Não informado;Não informado;Não informado;Não informado
VXD8139;1;Presidente Castelo Branco;Não informado;Não informado;Não informado;Não informado;Não informado;Não informado;Não informado;Não informado;Não informado;Não informado;Não informado;Não informado
ERJ0040;1;Osorio De Paiva;;;;;;;;;;;;
VCE4381;1;Beira Mar;Não informado;Não informado;Não informado;Não informado;Não informado;Não informado;Não informado;Não informado;Não informado;Não informado;Não informado;Não informado
UXW4310;1;Beira Mar;;;;;;;;;;;;
TSN2168;1;BR 116 KM 13;;;;;;;;;;;;
TWP7383;1;Rua Tenente Moacir Matos;;;;;;;;;;;;
EYD1095;1;Osorio De Paiva;;;;;;;;;;;;
DTX6906;1;Presidente Castelo Branco;Não informado;Não informado;Não informado;Não informado;Não informado;Não informado;Não informado;Não informado;Não informado;Não informado;Não informado;Não informado
NPF2403;1;Rua Professor Murilo Silveira;;;;;;;;;;;;
RAJ9597;1;Rua Maria Julia -;;;;;;;;;;;;
BMA7251;1;Rua Catolé;Não informado;Não informado;Não informado;Não informado;Não informado;Não informado;Não informado;Não informado;Não informado;Não informado;Não informado;Não informado
WBC0501;1;Santos Dumont;;;;;;;;;;;;
WBC0501;2;Avenida Desembargador Moreira;;;;;;;;;;;;
LBM4561;1;Porto Alegre;;;;;;;;;;;;
AAE2677;1;Beira Mar;;;;;;;;;;;;
AAE2677;2;Barão De Studart;;;;;;;;;;;;
HQM4793;1;São Lazaro;;;;;;;;;;;;
HQM4793;2;Lagoa Do Mondubim;;;;;;;;;;;;
PEN7946;1;Rua Valdetario Mota;;;;;;;;;;;;
OZI0598;1;Avenida Washington Soares;Não informado;Não informado;Não informado;Não informado;Não informado;Não informado;Não informado;Não informado;Não informado;Não informado;Não informado;Não informado
FUV4484;1;Avenida Desembargador Gonzaga;;;;;;;;;;;;
MUN6201;1;Jornalista Tomaz Coelho;Não informado;Não informado;Não informado;Não informado;Não informado;Não informado;Não informado;Não informado;Não informado;Não informado;Não informado;Não informado
INJ6557;1;Castelo De Castro;Não informado;Não informado;Não informado;Não informado;Não informado;Não informado;Não informado;Não informado;Não informado;Não informado;Não informado;Não informado
KZD5653;1;Darcy Vargas;;;;;;;;;;;;
TKW6355;1;Sargento Hermini Esquina;;;;;;;;;;;;
TKW6355;2;Olavo Bilac;;;;;;;;;;;;
OMC6353;1;Presidente Castelo Branco;Não informado;Não informado;Não informado;Não informado;Não informado;Não informado;Não informado;Não informado;Não informado;Não informado;Não informado;Não informado
STQ3973;1;Avenida Presidente Costa E Silva;;;;;;;;;;;;
RKU2806;1;Manoel Mavignier;Não informado;Não informado;Não informado;Não informado;Não informado;Não informado;Não informado;Não informado;Não informado;Não informado;Não informado;Não informado
UVC3511;1;Beira Mar;Não informado;Não informado;Não informado;Não informado;Não informado;Não informado;Não informado;Não informado;Não informado;Não informado;Não informado;Não informado
CUB6166;1;Avenida Lineu Machado;;;;;;;;;;;;
WQD2713;1;Rua Antonio Botelho;;;;;;;;;;;;
SOF9931;1;Rua Padre Mororo -;;;;;;;;;;;;
JHP7774;1;Tristao Gonçalves;;;;;;;;;;;;
CXB1843;1;Raimundo Matias;;;;;;;;;;;;
FFU8601;1;Maria Gomes De Sa;;;;;;;;;;;;
HWJ8729;1;Avenida C;;;;;;;;;;;;
HKC7112;1;Pernanbuco;;;;;;;;;;;;
HKC7112;2;Planalto Do Pici;;;;;;;;;;;;
XLD5093;1;Presidente Castelo Branco;Não informado;Não informado;Não informado;Não informado;Não informado;Não informado;Não informado;Não informado;Não informado;Não informado;Não informado;Não informado
MFR6301;1;Verde 44;;;;;;;;;;;;
MFR6301;2;Catolé;;;;;;;;;;;;
MCG6288;1;Avenida Presidente Costa e Silva;Condição ruim;Bom estado;Reto;Plano;Não há;Não há;Dupla;Asfalto;Duas;Não informado;Não informado;Não informado
WUU6241;1;Rua Chico França;;;;;;;;;;;;
NNE9015;1;Avenida Silas Munguba;;;;;;;;;;;;
GUZ1487;1;Avenida Jose Saboia;;;;;;;;;;;;
HHI2403;1;Washington Soares ;Não informado;Não informado;Não informado;Não informado;Não informado;Não informado;Não informado;Não informado;Não informado;Não informado;Não informado;Não informado
HHI2403;2;Oliveira Paiva;Não informado;Não informado;Não informado;Não informado;Não informado;Não informado;Não informado;Não informado;Não informado;Não informado;Não informado;Não informado
SEL0607;1;Manuel Moura;;;;;;;;;;;;
PEG3398;1;Ismael Pordeus;;;;;;;;;;;;
LBL6846;1;Alberto Nepomuceno;;;;;;;;;;;;
LBL6846;2;Rua Costa E Silva;;;;;;;;;;;;
PAQ0251;1;Presidente Costa E Silva;Não informado;Não informado;Não informado;Não informado;Não informado;Não informado;Não informado;Não informado;Não informado;Não informado;Não informado;Não informado
ZGE9852;1;Presidente Costa E Silva;Não informado;Não informado;Não informado;Não informado;Não informado;Não informado;Não informado;Não informado;Não informado;Não informado;Não informado;Não informado
JBZ4219;1;Joao Brigido;;;;;;;;;;;;
EVE9789;1;Rua Soares Bulcao;Não informado;Não informado;Não informado;Não informado;Não informado;Não informado;Não informado;Não informado;Não informado;Não informado;Não informado;Não informado
CAP2193;1;G;Não informado;Não informado;Não informado;Não informado;Não informado;Não informado;Não informado;Não informado;Não informado;Não informado;Não informado;Não informado
YJE7943;1;Jaguaretama;;;;;;;;;;;;
SLR8692;1;Ataulfo Alves;;;;;;;;;;;;
OOQ1298;1;Vicente Paraibano;;;;;;;;;;;;
TVA1809;1;Jose Dantas Pereira;Não informado;Não informado;Não informado;Não informado;Não informado;Não informado;Não informado;Não informado;Não informado;Não informado;Não informado;Não informado
ZSF2191;1;Quatro [ Jardim Castelao ];;;;;;;;;;;;
GJC7077;1;Zuca Accioly;;;;;;;;;;;;
YPW6304;1;Barao De Studart 1864;;;;;;;;;;;;
YPW6304;2;Barbara De Alencar;;;;;;;;;;;;
FEU4924;1;Washignton Soares Esq;;;;;;;;;;;;
FEU4924;2;Rua Albert Sabin;;;;;;;;;;;;
RHV5988;1;Vitoria  ( Mesma Av. Perimetral );;;;;;;;;;;;
NES2721;1;Alberto Magno;;;;;;;;;;;;
NES2721;2;Alvaro Fernandes;;;;;;;;;;;;
FEP9843;1;F;Não informado;Não informado;Não informado;Não informado;Não informado;Não informado;Não informado;Não informado;Não informado;Não informado;Não informado;Não informado
MZD3669;1;Rua Joao Ribeiro;;;;;;;;;;;;
TWW4718;1;Beira Mar;Não informado;Não informado;Não informado;Não informado;Não informado;Não informado;Não informado;Não informado;Não informado;Não informado;Não informado;Não informado
DSI8399;1;Coronel Joao De Oliveira;;;;;;;;;;;;
JXJ2753;1;Rua Desembargador Praxedes;;;;;;;;;;;;
HKK1927;1;Osorio De Paiva;;;;;;;;;;;;
ABZ7679;1;Coronel Fabriciano;;;;;;;;;;;;
ABZ7679;2;Esquina;;;;;;;;;;;;
ABZ7679;3;Aires Da Cunha;;;;;;;;;;;;
LYJ2860;1;Independencia;;;;;;;;;;;;
LYJ2860;2;Emilio Gonçalves;;;;;;;;;;;;
ZAD8083;1;Jose Cavalcante Sobrinho - Cond Forte Iracema;;;;;;;;;;;;
QOK3189;1;Professor Manoel Lourenço;;;;;;;;;;;;
UHJ5641;1;Dos Praçinhas;;;;;;;;;;;;
SSO0087;1;Rua Padre Anchieta;;;;;;;;;;;;
UNZ5294;1;Julio Silva;;;;;;;;;;;;
UGQ8339;1;Coronel Matos Dourado;;;;;;;;;;;;
ZVT6795;1;Beira Mar;Não informado;Não informado;Não informado;Não informado;Não informado;Não informado;Não informado;Não informado;Não informado;Não informado;Não informado;Não informado
QXH0248;1;Rua Professor Heribaldo Costa -;;;;;;;;;;;;
ZCJ2704;1;Rua Alberto Magno -;;;;;;;;;;;;
JOP1780;1;Avenida Maestro Lisboa;;;;;;;;;;;;
IPB1445;1;Benjamin Brasil;;;;;;;;;;;;
GMG1553;1;Villas Lobo > Embaixo Do Vlt;Não informado;Não informado;Não informado;Não informado;Não informado;Não informado;Não informado;Não informado;Não informado;Não informado;Não informado;Não informado
LSU2970;1;Maestro Lisboa;;;;;;;;;;;;
PUR6233;1;Beira Mar;;;;;;;;;;;;
PUR6233;2;Rui Barbosa;;;;;;;;;;;;
TOA4802;1;Menor Jeronimo;Não informado;Não informado;Não informado;Não informado;Não informado;Não informado;Não informado;Não informado;Não informado;Não informado;Não informado;Não informado
ZXF7874;1;Presidente Costa E Silva;Não informado;Não informado;Não informado;Não informado;Não informado;Não informado;Não informado;Não informado;Não informado;Não informado;Não informado;Não informado
JKJ0210;1;BR 116 KM 10;;;;;;;;;;;;
IJG2468;1;Av. Bernardo Manuel;Condição ruim;Bom estado;Reto;Rampa descendente;Não informado;Não informado;Dupla;Asfalto;Não informado;Boa;Não informado;Canteiro elevado
BOA9920;1;Pernambuco;;;;;;;;;;;;
YYP5575;1;Lagoa Da Sapiranga;;;;;;;;;;;;
KWE4170;1;Jose Bastos;;;;;;;;;;;;
NQG8674;1;Rua Jose Dantas Pereira;;;;;;;;;;;;
HZB5700;1;Avenida Aguanambi;Não informado;Não informado;Não informado;Não informado;Não informado;Não informado;Não informado;Não informado;Não informado;Não informado;Não informado;Não informado
WDI7543;1;Maronildo De Queiroz;;;;;;;;;;;;
GGF1609;1;CE 010 (Px A Estrada Do Fio;;;;;;;;;;;;
QVW7408;1;Washington Soares;;;;;;;;;;;;
QVW7408;2;Nenen Arruda;;;;;;;;;;;;
IBW0271;1;Das Cerejeiras;;;;;;;;;;;;
IJY0973;1;Pedro Sampaio;;;;;;;;;;;;
ORX2186;1;Mario Mamede;;;;;;;;;;;;
NTZ1916;1;Manoel Mavignier;;;;;;;;;;;;
HVV5120;1;Minas Gerais;;;;;;;;;;;;
HUW4255;1;Beira Mar;Não informado;Não informado;Não informado;Não informado;Não informado;Não informado;Não informado;Não informado;Não informado;Não informado;Não informado;Não informado
QRS8152;1;CE 010;;;;;;;;;;;;
VZT0078;1;Rua Valdeci Leite;;;;;;;;;;;;
IOQ8717;1;Avenida Pessoa Anta;Não informado;Não informado;Não informado;Não informado;Não informado;Não informado;Não informado;Não informado;Não informado;Não informado;Não informado;Não informado
SFW3065;1;Rua Umarizeiras;;;;;;;;;;;;
JNZ5273;1;Contorno;Não informado;Não informado;Não informado;Não informado;Não informado;Não informado;Não informado;Não informado;Não informado;Não informado;Não informado;Não informado
NQR1051;1;Rua Marechal Bittencourt;Não informado;Não informado;Não informado;Não informado;Não informado;Não informado;Não informado;Não informado;Não informado;Não informado;Não informado;Não informado
JLM5320;1;Cidade Ecologica;;;;;;;;;;;;
IHG0084;1;Beira Mar;Não informado;Não informado;Não informado;Não informado;Não informado;Não informado;Não informado;Não informado;Não informado;Não informado;Não informado;Não informado
MQP6214;1;Rua Visconde De Ico;;;;;;;;;;;;
SND3870;1;Rua Germano Franck;Não há;Bom estado;Reto;Plano;Não há;Não há;Simples;Asfalto;Três;Boa;Boa;Não há
SND3870;2;RUA CON LIMA SUCUPIRA;Não informado;Não informado;Reto;Plano;Não há;Não há;Simples;Asfalto;Uma;Boa;Boa;Não há
UGX4221;1;Rua Olegário Memória;Não há;Não há;Interseção;Plano;Não informado;Não informado;Simples;Asfalto;Não informado;Boa;Não informado;Não há
HQY9741;1;Presidente Castelo Branco;;;;;;;;;;;;
HQY9741;2;Rua Vila Velha;;;;;;;;;;;;
THJ6078;1;Avenida Beira Mar;;;;;;;;;;;;
IKY7546;1;Avenida Godofredo Maciel;;;;;;;;;;;;
MBO7805;1;Lima Campos;;;;;;;;;;;;
BBV8542;1;Carneiro De Mendonça;;;;;;;;;;;;
DHP9799;1;Da Paz;;;;;;;;;;;;
SCU0501;1;Rua Pedro Pereira;;;;;;;;;;;;
USA9673;1;Rua Rubia Sampaio;;;;;;;;;;;;
SUM6711;1;Tiradentes;;;;;;;;;;;;
YTK2307;1;Rua Doutor Jose Roberto Salesrua;Não informado;Não informado;Não informado;Não informado;Não informado;Não informado;Não informado;Não informado;Não informado;Não informado;Não informado;Não informado
JHS8564;1;Avenida Francisco Sá;Bom estado;Bom estado;Reto;Plano;Não informado;Não informado;Múltipla;Asfalto;Não informado;Boa;Não informado;Pintura
DOH5839;1;Sulamita Portela - Esquina Cj. Omega 2;Não informado;Não informado;Não informado;Não informado;Não informado;Não informado;Não informado;Não informado;Não informado;Não informado;Não informado;Não informado
OWO9897;1;Rua Antero Quental;;;;;;;;;;;;
HJK2212;1;Rua Adolfo Moreira De Carvalho;;;;;;;;;;;;
IRU4072;1;Belem Figueredo;;;;;;;;;;;;
TGU2813;1;Porto Velho;;;;;;;;;;;;
ZVP3139;1;General Osorio De Paiva;;;;;;;;;;;;
AES0330;1;Borges De Melo C\ Rua Padre Araripe;Não informado;Não informado;Não informado;Não informado;Não informado;Não informado;Não informado;Não informado;Não informado;Não informado;Não informado;Não informado
XKD7323;1;Desembargado Leite Albuquerque;;;;;;;;;;;;
XKD7323;2;Osvaldo Cruz 1286;;;;;;;;;;;;
OKP6315;1;Rua João Carvalho;Bom estado;Bom estado;Reto;Não informado;Não há;Não há;Simples;Asfalto;Uma;Boa;Boa;Não há
OKP6315;2;AV BAR STUDART;Bom estado;Bom estado;Interseção;Plano;Não há;Não há;Dupla;Asfalto;Duas;Boa;Boa;Canteiro elevado
QEF0981;1;Rua Amelia Benebien;;;;;;;;;;;;
HRX7405;1;Dourado;;;;;;;;;;;;
VTR2847;1;Professor Otavio Lobo;Não informado;Não informado;Não informado;Não informado;Não informado;Não informado;Não informado;Não informado;Não informado;Não informado;Não informado;Não informado
JSH2355;1;Professor Virgilio Brandao;;;;;;;;;;;;
SJR5896;1;Almirante Henrique Saboia [];Não informado;Não informado;Não informado;Não informado;Não informado;Não informado;Não informado;Não informado;Não informado;Não informado;Não informado;Não informado
UEA9894;1;Avenida Domingos Olimpio;;;;;;;;;;;;
NSB3614;1;Padre Antonio;Não informado;Não informado;Não informado;Não informado;Não informado;Não informado;Não informado;Não informado;Não informado;Não informado;Não informado;Não informado
NSB3614;2;Desembargador Moreira;Não informado;Não informado;Não informado;Não informado;Não informado;Não informado;Não informado;Não informado;Não informado;Não informado;Não informado;Não informado
JOQ2323;1;I;Não informado;Não informado;Não informado;Não informado;Não informado;Não informado;Não informado;Não informado;Não informado;Não informado;Não informado;Não informado
WOW0207;1;Bezerra De Menezes;;;;;;;;;;;;
HYT1695;1;Idelfonso Albano;;;;;;;;;;;;
KZL2203;1;Gomes De Matos;;;;;;;;;;;;
DIH7179;1;Avenida Beira Mar;Não informado;Não informado;Não informado;Não informado;Não informado;Não informado;Não informado;Não informado;Não informado;Não informado;Não informado;Não informado
JTH8066;1;BR 116 KM 9;;;;;;;;;;;;
YCB9085;1;Contorno;Não informado;Não informado;Não informado;Não informado;Não informado;Não informado;Não informado;Não informado;Não informado;Não informado;Não informado;Não informado
BVR8055;1;Rodrigues Junior;;;;;;;;;;;;
LXA4981;1;Avenida Beira Mar;;;;;;;;;;;;
WLY8139;1;Washington Soares;;;;;;;;;;;;
GPG9952;1;Contorno;;;;;;;;;;;;
FXE6503;1;Avenida Professor Gomes De Matos;;;;;;;;;;;;
EIG6130;1;Rio Grande Do Norte;;;;;;;;;;;;
EIG6130;2;Parana;;;;;;;;;;;;
QMA3776;1;Da Abolição  - Condo Cromos;Não informado;Não informado;Não informado;Não informado;Não informado;Não informado;Não informado;Não informado;Não informado;Não informado;Não informado;Não informado
NLA5789;1;Doutor Joao Amora;;;;;;;;;;;;
QAR6632;1;Pedro Muniz;;;;;;;;;;;;
KHX9884;1;Avenida Presidente Castelo Branco;Bom estado;Bom estado;Reto;Plano;Não há;Não há;Dupla;Asfalto;Duas;Boa;Boa;Canteiro elevado
JJO4774;1;Miguel Gurgel;Não informado;Não informado;Não informado;Não informado;Não informado;Não informado;Não informado;Não informado;Não informado;Não informado;Não informado;Não informado
GPF1092;1;Leste Oeste;;;;;;;;;;;;
BZV4062;1;Padre Pedro De Alencar;;;;;;;;;;;;
LXH4189;1;Osorio De Paiva;;;;;;;;;;;;
EOW1180;1;Borges De Melo;;;;;;;;;;;;
KTY2457;1;Avenida Doutor Silas Munguba;Bom estado;Bom estado;Reto;Plano;Não há;Não há;Dupla;Asfalto;Duas;Boa;Má;Canteiro elevado
PKP9579;1;Rua Julio Silva;;;;;;;;;;;;
BQU7577;1;Rua Jose Vilar 335;;;;;;;;;;;;
BQU7577;2;Deputado Moreira Rocha;;;;;;;;;;;;
PBV8266;1;Rua Doutor Hugo Rocha;;;;;;;;;;;;
LZS8940;1;Bernardo Manuel;;;;;;;;;;;;
HWY3105;1;Arruda Camara;;;;;;;;;;;;
QEN0943;1;Luiz Vieira;;;;;;;;;;;;
MJH5821;1;Avenida Sargento Hermínio Sampaio;Bom estado;Bom estado;Reto;Plano;Não há;Sinalizada;Dupla;Asfalto;Duas;Boa;Boa;Pintura
MJH5821;2;AV JOSE JATAHY;Bom estado;Bom estado;Reto;Plano;Não há;Sinalizada;Dupla;Asfalto;Duas;Boa;Boa;Pintura
ZBE9740;1;Avenida Senador Carlos Jereissati;Não informado;Não informado;Não informado;Não informado;Não informado;Não informado;Não informado;Não informado;Não informado;Não informado;Não informado;Não informado
SNA0144;1;Rua 856;Não informado;Não informado;Não informado;Não informado;Não informado;Não informado;Não informado;Não informado;Não informado;Não informado;Não informado;Não informado
KDY9103;1;CE 10;;;;;;;;;;;;
ERN3843;1;Beira Mar;Não informado;Não informado;Não informado;Não informado;Não informado;Não informado;Não informado;Não informado;Não informado;Não informado;Não informado;Não informado
OEW0127;1;Marechal Bittencourt;;;;;;;;;;;;
TSP0773;1;Av. L;;;;;;;;;;;;
TSP0773;2;Terceira Etapa;;;;;;;;;;;;
NJI5293;1;Avenida Dioguinho - Bairro Praia Do Futuro;Não informado;Não informado;Não informado;Não informado;Não informado;Não informado;Não informado;Não informado;Não informado;Não informado;Não informado;Não informado
UQL7369;1;Avenida Santos Dumont;;;;;;;;;;;;
BYZ4708;1;Mister Hull;Não informado;Não informado;Não informado;Não informado;Não informado;Não informado;Não informado;Não informado;Não informado;Não informado;Não informado;Não informado
NYK4161;1;Avenida Manuel Mavgnier;;;;;;;;;;;;
YHZ5198;1;Vitoria 1568;Não informado;Não informado;Não informado;Não informado;Não informado;Não informado;Não informado;Não informado;Não informado;Não informado;Não informado;Não informado
YHZ5198;2;Conde Do Rio Branco;Não informado;Não informado;Não informado;Não informado;Não informado;Não informado;Não informado;Não informado;Não informado;Não informado;Não informado;Não informado
AVR8265;1;Avenida Contorno;;;;;;;;;;;;
ZNK4119;1;Domingos Olimpios;Não informado;Não informado;Não informado;Não informado;Não informado;Não informado;Não informado;Não informado;Não informado;Não informado;Não informado;Não informado
SNL6247;1;Rua Barbosa De Freitas;Bom estado;Bom estado;Reto;Plano;Não informado;Não informado;Simples;Asfalto;Não informado;Boa;Não informado;Pintura
SNL6247;2;Rua Carolina Sucupira;Bom estado;Bom estado;Reto;Plano;Não informado;Não informado;Simples;Asfalto;Não informado;Boa;Não informado;Pintura
XJM8830;1;408- Conj São Cristovão;;;;;;;;;;;;
YPU9668;1;C;Não informado;Não informado;Não informado;Não informado;Não informado;Não informado;Não informado;Não informado;Não informado;Não informado;Não informado;Não informado
ZYP5782;1;Washington Soares;;;;;;;;;;;;
NDQ9918;1;Miguel Gonçalves;;;;;;;;;;;;
ARK4857;1;Antonio Sales;;;;;;;;;;;;
KIS4795;1;Rua Duarte Coelho;;;;;;;;;;;;
QOT8404;1;Senador Fernandes Tavora;;;;;;;;;;;;
ZZK8544;1;AV GAL OSORIO DE PAIVA;Visibilidade ruim;Bom estado;Reto;Plano;Não há;Não há;Não informado;Asfalto;Duas;Boa;Má;Pintura
ZZK8544;2;RUA ARARIPE PRATA;Visibilidade ruim;Bom estado;Reto;Plano;Não há;Não há;Não informado;Asfalto;Duas;Boa;Boa;Não informado
PFN1663;1;Senador Fernandes Tavora;;;;;;;;;;;;
QUS1093;1;Avenida  Evilacio Almeida De Miranda;Não informado;Não informado;Não informado;Não informado;Não informado;Não informado;Não informado;Não informado;Não informado;Não informado;Não informado;Não informado
ORZ1419;1;CE 010;;;;;;;;;;;;
PDN4523;1;Padre Antonio Tomas;Não informado;Não informado;Não informado;Não informado;Não informado;Não informado;Não informado;Não informado;Não informado;Não informado;Não informado;Não informado
NBL5662;1;Avenida Governador Raul Barbosa;Bom estado;Bom estado;Reto;Plano;Não informado;Não informado;Dupla;Asfalto;Não informado;Boa;Não informado;Pintura
ZRX7240;1;Barra Nova;;;;;;;;;;;;
ZRX7240;2;Avenida Jose Leon;;;;;;;;;;;;
HBY4703;1;Leste Oeste C\ Avenida Doutor Theberge;;;;;;;;;;;;
FJV0965;1;Rua Capitao Melo;;;;;;;;;;;;
JDP6504;1;Joseleide Alves;;;;;;;;;;;;
IWU2070;1;4° Anel Viario - Em Cima Do Viaduto;Não informado;Não informado;Não informado;Não informado;Não informado;Não informado;Não informado;Não informado;Não informado;Não informado;Não informado;Não informado
VBL2937;1;Rua Álef de Souza Cavalcante;Não há;Bom estado;Reto;Plano;Não há;Não há;Dupla;Asfalto;Duas;Boa;Boa;Canteiro elevado
VBL2937;2;AV CASTELO DE CASTRO;Não há;Bom estado;Interseção;Plano;Não há;Não há;Simples;Asfalto;Uma;Boa;Boa;Não há
MCE1166;1;Rua Coronel Virgilio Nogueira - De 1402 Ao Fim - Lado Par;Não informado;Não informado;Não informado;Não informado;Não informado;Não informado;Não informado;Não informado;Não informado;Não informado;Não informado;Não informado
ERF1879;1;Rio Doce;Não informado;Não informado;Não informado;Não informado;Não informado;Não informado;Não informado;Não informado;Não informado;Não informado;Não informado;Não informado
BWZ3510;1;Avenida Beira Mar;Não informado;Não informado;Não informado;Não informado;Não informado;Não informado;Não informado;Não informado;Não informado;Não informado;Não informado;Não informado
IMZ2138;1;Rua Canuto De Aguiar;;;;;;;;;;;;
IMZ2138;2;Joaquim Nambuco;;;;;;;;;;;;
XOQ4086;1;Rua Romeu Martins;;;;;;;;;;;;
XOQ4086;2;Almirante Rubinho;;;;;;;;;;;;
IES5345;1;Doutor Fernando Augusto;;;;;;;;;;;;
WSX2357;1;Einstein;;;;;;;;;;;;
PYU8638;1;BR 116 KM 15;;;;;;;;;;;;
NZW2089;1;Avenida Monsenhor Tabosa;Bom estado;Bom estado;Reto;Plano;Não há;Não há;Simples;Asfalto;Não informado;Boa;Boa;Não há
JIP5472;1;Rua Dom Expedito Lopes;Bom estado;Bom estado;Interseção;Plano;Não informado;Não informado;Simples;Asfalto;Não informado;Boa;Não informado;Não há
JIP5472;2;Rua Tibúrcio Cavalcante;Bom estado;Bom estado;Interseção;Plano;Não informado;Não informado;Simples;Asfalto;Não informado;Boa;Não informado;Não há
SRU7746;1;Rua Joao Cordeiro -;;;;;;;;;;;;
BGC2335;1;Avenida I Terceira Etapa;Não informado;Não informado;Não informado;Não informado;Não informado;Não informado;Não informado;Não informado;Não informado;Não informado;Não informado;Não informado
LPN3060;1;Rua Coronel Virgilio Nogueira;;;;;;;;;;;;
HQS8865;1;Avenida Domngos Olimpio;;;;;;;;;;;;
RMH3964;1;Beira Mar;;;;;;;;;;;;
EVS0068;1;15;Não informado;Não informado;Não informado;Não informado;Não informado;Não informado;Não informado;Não informado;Não informado;Não informado;Não informado;Não informado
VRV6829;1;Avenida Padre Antônio Tomás;Condição ruim;Bom estado;Reto;Plano;Não há;Não há;Dupla;Asfalto;Duas;Boa;Boa;Canteiro elevado
VRV6829;2;AV SEN VIRGILIO TAVORA;Condição ruim;Bom estado;Reto;Plano;Não há;Não há;Dupla;Asfalto;Duas;Boa;Boa;Canteiro elevado
ECB1876;1;Avenida Governador Raul Barbosa;;;;;;;;;;;;
ECB1876;2;Murilo Borges;;;;;;;;;;;;
OIM7721;1;F;;;;;;;;;;;;
OIM7721;2;Av. C;;;;;;;;;;;;
DUJ7284;1;Conego De Castro;;;;;;;;;;;;
GBF6302;1;Dioguinho;Não informado;Não informado;Não informado;Não informado;Não informado;Não informado;Não informado;Não informado;Não informado;Não informado;Não informado;Não informado
GBF6302;2;Bairro-Praia Do Futuro;Não informado;Não informado;Não informado;Não informado;Não informado;Não informado;Não informado;Não informado;Não informado;Não informado;Não informado;Não informado
NVA3165;1;Washington Soares;Não informado;Não informado;Não informado;Não informado;Não informado;Não informado;Não informado;Não informado;Não informado;Não informado;Não informado;Não informado
RYR0101;1;Barao De Studart;;;;;;;;;;;;
OCJ3880;1;Jose Dantas Pereira;Não informado;Não informado;Não informado;Não informado;Não informado;Não informado;Não informado;Não informado;Não informado;Não informado;Não informado;Não informado
WCO5828;1;General Osorio De Paiva;;;;;;;;;;;;
AXS3285;1;Rua Jardel Lima Dos Santos;;;;;;;;;;;;
YHD0099;1;Rua Coronel Virgilio Nogueira;;;;;;;;;;;;
RUR0806;1;Rua Jorge Dumar -;;;;;;;;;;;;
DDA8546;1;Rua Pedro Martins;;;;;;;;;;;;
YRN6768;1;Rua Consul Gouveia;;;;;;;;;;;;
MST4835;1;101;Não informado;Não informado;Não informado;Não informado;Não informado;Não informado;Não informado;Não informado;Não informado;Não informado;Não informado;Não informado
ZQT9921;1;L Esquina;;;;;;;;;;;;
ZQT9921;2;Avenida B;;;;;;;;;;;;
ZTD5249;1;Bernardo Manuel;;;;;;;;;;;;
BYP0007;1;BR 116 KM ?;;;;;;;;;;;;
LGM2022;1;Coelho Neto;;;;;;;;;;;;
YBN4899;1;Pedro De Alcantara E Silva;;;;;;;;;;;;
CLK8059;1;Washington Soares;;;;;;;;;;;;
CLK8059;2;Edilson Brasil Soares;;;;;;;;;;;;
CUN5759;1;Coronel Fabriaciano;;;;;;;;;;;;
LQD2041;1;Duque De Caxias;;;;;;;;;;;;
CUZ7252;1;Sao Bernardo;;;;;;;;;;;;
CUZ7252;2;Dona Mendinha;;;;;;;;;;;;
KYA8749;1;Antonio Sales - Dias Da Rocha;Não informado;Não informado;Não informado;Não informado;Não informado;Não informado;Não informado;Não informado;Não informado;Não informado;Não informado;Não informado
SKI2203;1;Av. Pres. Costa E Silva;;;;;;;;;;;;
FIA2954;1;Av.Mozar Lucena;;;;;;;;;;;;
ZTZ4351;1;Gregorio França;;;;;;;;;;;;
WBO3816;1;L;Não informado;Não informado;Não informado;Não informado;Não informado;Não informado;Não informado;Não informado;Não informado;Não informado;Não informado;Não informado
NKR6901;1;Domingos Olimpio;;;;;;;;;;;;
NKR6901;2;Aguanambi;;;;;;;;;;;;
GQF4924;1;Da Paz;;;;;;;;;;;;
FWV8916;1;Avenida Jose Mendonça;;;;;;;;;;;;
MUI1868;1;Conselheiro Tristão;;;;;;;;;;;;
LIY4015;1;Abolição;Não informado;Não informado;Não informado;Não informado;Não informado;Não informado;Não informado;Não informado;Não informado;Não informado;Não informado;Não informado
WHH5598;1;Betel;;;;;;;;;;;;
XMW1428;1;Oscar Araripe;;;;;;;;;;;;
VET6740;1;Dois De Abril  - Castelão;;;;;;;;;;;;
NBX5958;1;Americo Rocha Lima;;;;;;;;;;;;
PEI4053;1;Rua B;;;;;;;;;;;;
TWY4246;1;Bernardo Manoel;;;;;;;;;;;;
HMQ5023;1;AV DOLOR BARREIRA;Bom estado;Bom estado;Reto;Rampa descendente;Não há;Não há;Dupla;Asfalto;Duas;Boa;Obstruída;Pintura
HMQ5023;2;RUA DEP FLAVIO MARCILIO;Bom estado;Bom estado;Interseção;Não informado;Não há;Não há;Dupla;Asfalto;Uma;Boa;Obstruída;Não informado
FDP4013;1;Professor Gomes De Matos;;;;;;;;;;;;
EGA5596;1;BR 116 KM 14;;;;;;;;;;;;
